Node1,Node2,ProteinID,ProteinCount
SMGG,MGGG,"['Q6A0I3', 'E9LVI0', 'E9LVH9', 'E9LVH7', 'A0A0K8P6T7', 'G8GER6', 'E9LVH8', 'Q6A0I4', 'G9BY57', 'Q47RJ6', 'E0Z5H1', 'D1A9G5', 'Q56008', 'Q47RJ7', 'H6WX58', 'W0TJ64', 'F7IX06', 'D1A2H1', 'E5BBQ3', 'E5BBQ2', 'D4Q9N1']",21
MGGG,GGGG,"['Q6A0I3', 'E9LVI0', 'E9LVH9', 'E9LVH7', 'A0A0K8P6T7', 'G8GER6', 'E9LVH8', 'Q6A0I4', 'G9BY57', 'Q47RJ6', 'E0Z5H1', 'D1A9G5', 'Q56008', 'Q47RJ7', 'H6WX58', 'W0TJ64', 'F7IX06', 'D1A2H1', 'E5BBQ3', 'E5BBQ2', 'D4Q9N1']",21
HSMG,SMGG,"['Q6A0I3', 'E9LVI0', 'E9LVH9', 'E9LVH7', 'G8GER6', 'E9LVH8', 'Q6A0I4', 'G9BY57', 'Q47RJ6', 'E0Z5H1', 'A5I055', 'D1A9G5', 'Q56008', 'Q47RJ7', 'H6WX58', 'W0TJ64', 'F7IX06', 'D1A2H1', 'E5BBQ3', 'E5BBQ2', 'D4Q9N1']",21
GHSM,HSMG,"['Q6A0I3', 'E9LVI0', 'E9LVH9', 'E9LVH7', 'G8GER6', 'E9LVH8', 'Q6A0I4', 'G9BY57', 'Q47RJ6', 'E0Z5H1', 'A5I055', 'D1A9G5', 'Q56008', 'Q47RJ7', 'H6WX58', 'W0TJ64', 'F7IX06', 'D1A2H1', 'E5BBQ3', 'E5BBQ2', 'D4Q9N1']",21
GFGG,FGGG,"['Q6A0I3', 'E9LVI0', 'E9LVH9', 'E9LVH7', 'G8GER6', 'E9LVH8', 'Q6A0I4', 'G9BY57', 'Q47RJ6', 'E0Z5H1', 'D1A9G5', 'Q56008', 'Q47RJ7', 'H6WX58', 'W0TJ64', 'F7IX06', 'D1A2H1', 'E5BBQ3', 'E5BBQ2', 'D4Q9N1']",20
QFLC,FLCP,"['Q6A0I3', 'E9LVI0', 'E9LVH9', 'E9LVH7', 'G8GER6', 'E9LVH8', 'Q6A0I4', 'Q47RJ6', 'E0Z5H1', 'D1A9G5', 'Q56008', 'Q47RJ7', 'H6WX58', 'W0TJ64', 'F7IX06', 'D1A2H1', 'E5BBQ3', 'E5BBQ2', 'D4Q9N1']",19
KAYL,AYLE,"['Q6A0I3', 'E9LVI0', 'E9LVH9', 'E9LVH7', 'G8GER6', 'E9LVH8', 'Q6A0I4', 'Q47RJ6', 'E0Z5H1', 'D1A9G5', 'Q56008', 'Q47RJ7', 'H6WX58', 'F7IX06', 'D1A2H1', 'E5BBQ3', 'E5BBQ2', 'D4Q9N1']",18
GPNP,PNPT,"['Q6A0I3', 'E9LVI0', 'E9LVH9', 'E9LVH7', 'A0A0K8P6T7', 'G8GER6', 'E9LVH8', 'Q6A0I4', 'G9BY57', 'E0Z5H1', 'Q47RJ6', 'Q47RJ7', 'H6WX58', 'F7IX06', 'D1A2H1', 'E5BBQ3', 'E5BBQ2', 'D4Q9N1']",18
HGFV,GFVV,"['Q6A0I3', 'E9LVI0', 'E9LVH9', 'E9LVH7', 'A0A0K8P6T7', 'G8GER6', 'E9LVH8', 'Q6A0I4', 'G9BY57', 'E0Z5H1', 'D1A9G5', 'Q47RJ6', 'Q47RJ7', 'H6WX58', 'F7IX06', 'E5BBQ3', 'E5BBQ2', 'D4Q9N1']",18
SHGF,HGFV,"['Q6A0I3', 'E9LVI0', 'E9LVH9', 'E9LVH7', 'A0A0K8P6T7', 'G8GER6', 'E9LVH8', 'Q6A0I4', 'G9BY57', 'E0Z5H1', 'D1A9G5', 'Q47RJ6', 'Q47RJ7', 'H6WX58', 'F7IX06', 'E5BBQ3', 'E5BBQ2', 'D4Q9N1']",18
ASHG,SHGF,"['Q6A0I3', 'E9LVI0', 'E9LVH9', 'E9LVH7', 'A0A0K8P6T7', 'G8GER6', 'E9LVH8', 'Q6A0I4', 'G9BY57', 'E0Z5H1', 'D1A9G5', 'Q47RJ6', 'Q47RJ7', 'H6WX58', 'F7IX06', 'E5BBQ3', 'E5BBQ2', 'D4Q9N1']",18
AYLE,YLEL,"['Q6A0I3', 'E9LVI0', 'E9LVH9', 'E9LVH7', 'G8GER6', 'E9LVH8', 'Q6A0I4', 'Q47RJ6', 'E0Z5H1', 'D1A9G5', 'Q56008', 'Q47RJ7', 'H6WX58', 'F7IX06', 'D1A2H1', 'E5BBQ3', 'E5BBQ2', 'D4Q9N1']",18
RGPN,GPNP,"['Q6A0I3', 'E9LVI0', 'E9LVH9', 'E9LVH7', 'A0A0K8P6T7', 'G8GER6', 'E9LVH8', 'Q6A0I4', 'G9BY57', 'E0Z5H1', 'Q47RJ6', 'Q47RJ7', 'H6WX58', 'F7IX06', 'D1A2H1', 'E5BBQ3', 'E5BBQ2', 'D4Q9N1']",18
LDQP,DQPD,"['Q6A0I3', 'E9LVI0', 'E9LVH9', 'E9LVH7', 'G8GER6', 'E9LVH8', 'Q6A0I4', 'Q47RJ6', 'E0Z5H1', 'D1A9G5', 'Q56008', 'Q47RJ7', 'H6WX58', 'F7IX06', 'D1A2H1', 'E5BBQ3', 'E5BBQ2', 'D4Q9N1']",18
TLDQ,LDQP,"['Q6A0I3', 'E9LVI0', 'E9LVH9', 'E9LVH7', 'A0A0K8P6T7', 'G8GER6', 'E9LVH8', 'Q6A0I4', 'Q47RJ6', 'E0Z5H1', 'Q56008', 'Q47RJ7', 'H6WX58', 'F7IX06', 'D1A2H1', 'E5BBQ3', 'E5BBQ2', 'D4Q9N1']",18
HFAP,FAPN,"['Q6A0I3', 'E9LVI0', 'E9LVH9', 'E9LVH7', 'G8GER6', 'E9LVH8', 'Q6A0I4', 'G9BY57', 'E0Z5H1', 'Q47RJ6', 'Q47RJ7', 'H6WX58', 'W0TJ64', 'F7IX06', 'E5BBQ3', 'E5BBQ2', 'D4Q9N1']",17
PFYN,FYNS,"['Q6A0I3', 'E9LVI0', 'E9LVH9', 'E9LVH7', 'G8GER6', 'E9LVH8', 'Q6A0I4', 'E0Z5H1', 'D1A9G5', 'Q47RJ6', 'Q47RJ7', 'H6WX58', 'F7IX06', 'D1A2H1', 'E5BBQ3', 'E5BBQ2', 'D4Q9N1']",17
PYER,YERG,"['Q6A0I3', 'E9LVI0', 'E9LVH9', 'E9LVH7', 'G8GER6', 'E9LVH8', 'Q6A0I4', 'Q47RJ6', 'E0Z5H1', 'Q56008', 'Q47RJ7', 'H6WX58', 'W0TJ64', 'F7IX06', 'E5BBQ3', 'E5BBQ2', 'D4Q9N1']",17
NPYE,PYER,"['Q6A0I3', 'E9LVI0', 'E9LVH9', 'E9LVH7', 'G8GER6', 'E9LVH8', 'Q6A0I4', 'Q47RJ6', 'E0Z5H1', 'Q56008', 'Q47RJ7', 'H6WX58', 'W0TJ64', 'F7IX06', 'E5BBQ3', 'E5BBQ2', 'D4Q9N1']",17
QPDS,PDSR,"['Q6A0I3', 'E9LVI0', 'E9LVH9', 'E9LVH7', 'G8GER6', 'E9LVH8', 'Q6A0I4', 'Q47RJ6', 'E0Z5H1', 'D1A9G5', 'Q56008', 'Q47RJ7', 'H6WX58', 'F7IX06', 'E5BBQ3', 'E5BBQ2', 'D4Q9N1']",17
DQPD,QPDS,"['Q6A0I3', 'E9LVI0', 'E9LVH9', 'E9LVH7', 'G8GER6', 'E9LVH8', 'Q6A0I4', 'Q47RJ6', 'E0Z5H1', 'D1A9G5', 'Q56008', 'Q47RJ7', 'H6WX58', 'F7IX06', 'E5BBQ3', 'E5BBQ2', 'D4Q9N1']",17
GFVV,FVVI,"['Q6A0I3', 'E9LVI0', 'E9LVH9', 'E9LVH7', 'A0A0K8P6T7', 'G8GER6', 'E9LVH8', 'Q6A0I4', 'E0Z5H1', 'D1A9G5', 'Q47RJ6', 'Q47RJ7', 'F7IX06', 'D1A2H1', 'E5BBQ3', 'E5BBQ2', 'D4Q9N1']",17
TTLD,TLDQ,"['Q6A0I3', 'E9LVI0', 'E9LVH9', 'E9LVH7', 'G8GER6', 'E9LVH8', 'Q6A0I4', 'Q47RJ6', 'E0Z5H1', 'Q56008', 'Q47RJ7', 'H6WX58', 'F7IX06', 'D1A2H1', 'E5BBQ3', 'E5BBQ2', 'D4Q9N1']",17
YERG,ERGP,"['Q6A0I3', 'E9LVI0', 'E9LVH9', 'E9LVH7', 'G8GER6', 'E9LVH8', 'Q6A0I4', 'Q47RJ6', 'E0Z5H1', 'Q56008', 'Q47RJ7', 'H6WX58', 'W0TJ64', 'F7IX06', 'E5BBQ3', 'E5BBQ2', 'D4Q9N1']",17
TLII,LIIG,"['Q6A0I3', 'E9LVI0', 'E9LVH9', 'E9LVH7', 'G8GER6', 'E9LVH8', 'Q6A0I4', 'E0Z5H1', 'D1A9G5', 'Q47RJ6', 'Q47RJ7', 'H6WX58', 'F7IX06', 'D1A2H1', 'E5BBQ3', 'E5BBQ2', 'D4Q9N1']",17
AAIP,AIPL,"['Q6A0I3', 'E9LVI0', 'E9LVH9', 'E9LVH7', 'G8GER6', 'E9LVH8', 'Q6A0I4', 'Q47RJ6', 'E0Z5H1', 'Q56008', 'Q47RJ7', 'H6WX58', 'F7IX06', 'D1A2H1', 'E5BBQ3', 'E5BBQ2', 'D4Q9N1']",17
GGTI,GTIY,"['Q6A0I3', 'E9LVI0', 'E9LVH9', 'E9LVH7', 'G8GER6', 'E9LVH8', 'Q6A0I4', 'Q47RJ6', 'E0Z5H1', 'Q56008', 'Q47RJ7', 'H6WX58', 'W0TJ64', 'F7IX06', 'E5BBQ3', 'E5BBQ2', 'D4Q9N1']",17
PLTP,LTPW,"['Q6A0I3', 'E9LVI0', 'E9LVH9', 'E9LVH7', 'G8GER6', 'E9LVH8', 'Q6A0I4', 'G9BY57', 'E0Z5H1', 'Q47RJ6', 'Q47RJ7', 'H6WX58', 'W0TJ64', 'F7IX06', 'E5BBQ3', 'E5BBQ2', 'D4Q9N1']",17
TIYY,IYYP,"['Q6A0I3', 'E9LVI0', 'E9LVH9', 'E9LVH7', 'G8GER6', 'E9LVH8', 'Q6A0I4', 'Q47RJ6', 'E0Z5H1', 'Q56008', 'Q47RJ7', 'H6WX58', 'W0TJ64', 'F7IX06', 'E5BBQ3', 'E5BBQ2', 'D4Q9N1']",17
MGHS,GHSM,"['Q6A0I3', 'E9LVI0', 'E9LVH9', 'E9LVH7', 'G8GER6', 'E9LVH8', 'Q6A0I4', 'Q47RJ6', 'E0Z5H1', 'Q56008', 'Q47RJ7', 'H6WX58', 'W0TJ64', 'F7IX06', 'E5BBQ3', 'E5BBQ2', 'D4Q9N1']",17
GTIY,TIYY,"['Q6A0I3', 'E9LVI0', 'E9LVH9', 'E9LVH7', 'G8GER6', 'E9LVH8', 'Q6A0I4', 'Q47RJ6', 'E0Z5H1', 'Q56008', 'Q47RJ7', 'H6WX58', 'W0TJ64', 'F7IX06', 'E5BBQ3', 'E5BBQ2', 'D4Q9N1']",17
LKAA,KAAI,"['Q6A0I3', 'E9LVI0', 'E9LVH9', 'E9LVH7', 'G8GER6', 'E9LVH8', 'Q6A0I4', 'Q47RJ6', 'E0Z5H1', 'D1A9G5', 'Q56008', 'Q47RJ7', 'F7IX06', 'D1A2H1', 'E5BBQ3', 'E5BBQ2', 'D4Q9N1']",17
KAAI,AAIP,"['Q6A0I3', 'E9LVI0', 'E9LVH9', 'E9LVH7', 'G8GER6', 'E9LVH8', 'Q6A0I4', 'Q47RJ6', 'E0Z5H1', 'D1A9G5', 'Q56008', 'Q47RJ7', 'F7IX06', 'D1A2H1', 'E5BBQ3', 'E5BBQ2', 'D4Q9N1']",17
AISP,ISPG,"['Q6A0I3', 'E9LVI0', 'E9LVH9', 'E9LVH7', 'G8GER6', 'E9LVH8', 'Q6A0I4', 'E0Z5H1', 'D1A9G5', 'Q47RJ6', 'Q47RJ7', 'H6WX58', 'F7IX06', 'D1A2H1', 'E5BBQ3', 'E5BBQ2', 'D4Q9N1']",17
GGGT,GGTI,"['Q6A0I3', 'E9LVI0', 'E9LVH9', 'E9LVH7', 'G8GER6', 'E9LVH8', 'Q6A0I4', 'Q47RJ6', 'E0Z5H1', 'Q56008', 'Q47RJ7', 'H6WX58', 'W0TJ64', 'F7IX06', 'E5BBQ3', 'E5BBQ2', 'D4Q9N1']",17
FGGG,GGGT,"['Q6A0I3', 'E9LVI0', 'E9LVH9', 'E9LVH7', 'G8GER6', 'E9LVH8', 'Q6A0I4', 'Q47RJ6', 'E0Z5H1', 'Q56008', 'Q47RJ7', 'H6WX58', 'W0TJ64', 'F7IX06', 'E5BBQ3', 'E5BBQ2', 'D4Q9N1']",17
PTLI,TLII,"['Q6A0I3', 'E9LVI0', 'E9LVH9', 'E9LVH7', 'G8GER6', 'E9LVH8', 'Q6A0I4', 'E0Z5H1', 'D1A9G5', 'Q47RJ6', 'Q47RJ7', 'H6WX58', 'F7IX06', 'D1A2H1', 'E5BBQ3', 'E5BBQ2', 'D4Q9N1']",17
SRLA,RLAV,"['Q6A0I3', 'E9LVI0', 'E9LVH9', 'E9LVH7', 'G8GER6', 'E9LVH8', 'Q6A0I4', 'E0Z5H1', 'D1A9G5', 'Q47RJ6', 'Q47RJ7', 'F7IX06', 'D1A2H1', 'E5BBQ3', 'E5BBQ2', 'D4Q9N1']",16
ANPY,NPYE,"['Q6A0I3', 'E9LVI0', 'E9LVH9', 'E9LVH7', 'G8GER6', 'E9LVH8', 'Q6A0I4', 'Q47RJ6', 'E0Z5H1', 'Q56008', 'Q47RJ7', 'H6WX58', 'F7IX06', 'E5BBQ3', 'E5BBQ2', 'D4Q9N1']",16
RLAS,LASQ,"['Q6A0I3', 'E9LVI0', 'E9LVH9', 'E9LVH7', 'G8GER6', 'E9LVH8', 'Q6A0I4', 'Q47RJ6', 'E0Z5H1', 'Q56008', 'Q47RJ7', 'F7IX06', 'D1A2H1', 'E5BBQ3', 'E5BBQ2', 'D4Q9N1']",16
VPTL,PTLI,"['Q6A0I3', 'E9LVI0', 'E9LVH9', 'E9LVH7', 'A0A0K8P6T7', 'G8GER6', 'E9LVH8', 'Q6A0I4', 'E0Z5H1', 'Q47RJ6', 'Q47RJ7', 'H6WX58', 'F7IX06', 'E5BBQ3', 'E5BBQ2', 'D4Q9N1']",16
LTPW,TPWH,"['Q6A0I3', 'E9LVI0', 'E9LVH9', 'E9LVH7', 'G8GER6', 'E9LVH8', 'Q6A0I4', 'G9BY57', 'E0Z5H1', 'Q47RJ6', 'Q47RJ7', 'H6WX58', 'F7IX06', 'E5BBQ3', 'E5BBQ2', 'D4Q9N1']",16
SPGY,PGYT,"['Q6A0I3', 'E9LVI0', 'E9LVH9', 'E9LVH7', 'G8GER6', 'E9LVH8', 'Q6A0I4', 'G9BY57', 'E0Z5H1', 'Q47RJ6', 'Q47RJ7', 'H6WX58', 'F7IX06', 'E5BBQ3', 'E5BBQ2', 'D4Q9N1']",16
PDSR,DSRA,"['Q6A0I3', 'E9LVI0', 'E9LVH9', 'E9LVH7', 'G8GER6', 'E9LVH8', 'Q6A0I4', 'G9BY57', 'E0Z5H1', 'Q47RJ6', 'Q47RJ7', 'H6WX58', 'F7IX06', 'E5BBQ3', 'E5BBQ2', 'D4Q9N1']",16
IPLT,PLTP,"['Q6A0I3', 'E9LVI0', 'E9LVH9', 'E9LVH7', 'G8GER6', 'E9LVH8', 'Q6A0I4', 'E0Z5H1', 'Q47RJ6', 'Q47RJ7', 'H6WX58', 'W0TJ64', 'F7IX06', 'E5BBQ3', 'E5BBQ2', 'D4Q9N1']",16
TRYT,RYTQ,"['Q6A0I3', 'E9LVI0', 'E9LVH9', 'E9LVH7', 'G8GER6', 'E9LVH8', 'Q6A0I4', 'E0Z5H1', 'Q47RJ6', 'Q47RJ7', 'H6WX58', 'F7IX06', 'D1A2H1', 'E5BBQ3', 'E5BBQ2', 'D4Q9N1']",16
YTQF,TQFL,"['Q6A0I3', 'E9LVI0', 'E9LVH9', 'E9LVH7', 'G8GER6', 'E9LVH8', 'Q6A0I4', 'E0Z5H1', 'Q47RJ6', 'Q47RJ7', 'H6WX58', 'F7IX06', 'D1A2H1', 'E5BBQ3', 'E5BBQ2', 'D4Q9N1']",16
RYTQ,YTQF,"['Q6A0I3', 'E9LVI0', 'E9LVH9', 'E9LVH7', 'G8GER6', 'E9LVH8', 'Q6A0I4', 'E0Z5H1', 'Q47RJ6', 'Q47RJ7', 'H6WX58', 'F7IX06', 'D1A2H1', 'E5BBQ3', 'E5BBQ2', 'D4Q9N1']",16
VMGH,MGHS,"['Q6A0I3', 'E9LVI0', 'E9LVH9', 'E9LVH7', 'G8GER6', 'E9LVH8', 'Q6A0I4', 'Q47RJ6', 'E0Z5H1', 'Q56008', 'Q47RJ7', 'W0TJ64', 'F7IX06', 'E5BBQ3', 'E5BBQ2', 'D4Q9N1']",16
AIPL,IPLT,"['Q6A0I3', 'E9LVI0', 'E9LVH9', 'E9LVH7', 'G8GER6', 'E9LVH8', 'Q6A0I4', 'Q47RJ6', 'E0Z5H1', 'Q56008', 'Q47RJ7', 'H6WX58', 'F7IX06', 'E5BBQ3', 'E5BBQ2', 'D4Q9N1']",16
WLKR,LKRF,"['Q6A0I3', 'E9LVI0', 'E9LVH9', 'E9LVH7', 'G8GER6', 'E9LVH8', 'Q6A0I4', 'Q47RJ6', 'Q56008', 'Q47RJ7', 'H6WX58', 'W0TJ64', 'F7IX06', 'E5BBQ3', 'E5BBQ2', 'D4Q9N1']",16
DTRY,TRYT,"['Q6A0I3', 'E9LVI0', 'E9LVH9', 'E9LVH7', 'G8GER6', 'E9LVH8', 'Q6A0I4', 'E0Z5H1', 'Q47RJ6', 'Q47RJ7', 'H6WX58', 'F7IX06', 'D1A2H1', 'E5BBQ3', 'E5BBQ2', 'D4Q9N1']",16
GPFS,PFSV,"['Q6A0I3', 'E9LVI0', 'E9LVH9', 'E9LVH7', 'G8GER6', 'E9LVH8', 'Q6A0I4', 'G9BY57', 'E0Z5H1', 'Q47RJ6', 'Q47RJ7', 'W0TJ64', 'F7IX06', 'E5BBQ3', 'E5BBQ2', 'D4Q9N1']",16
TQFL,QFLC,"['Q6A0I3', 'E9LVI0', 'E9LVH9', 'E9LVH7', 'G8GER6', 'E9LVH8', 'Q6A0I4', 'E0Z5H1', 'Q47RJ6', 'Q47RJ7', 'H6WX58', 'F7IX06', 'D1A2H1', 'E5BBQ3', 'E5BBQ2', 'D4Q9N1']",16
LAVM,AVMG,"['Q6A0I3', 'E9LVI0', 'E9LVH9', 'E9LVH7', 'G8GER6', 'E9LVH8', 'Q6A0I4', 'E0Z5H1', 'Q47RJ6', 'Q47RJ7', 'W0TJ64', 'F7IX06', 'E5BBQ3', 'E5BBQ2', 'D4Q9N1']",15
AVMG,VMGH,"['Q6A0I3', 'E9LVI0', 'E9LVH9', 'E9LVH7', 'G8GER6', 'E9LVH8', 'Q6A0I4', 'E0Z5H1', 'Q47RJ6', 'Q47RJ7', 'W0TJ64', 'F7IX06', 'E5BBQ3', 'E5BBQ2', 'D4Q9N1']",15
LIIG,IIGA,"['Q6A0I3', 'E9LVI0', 'E9LVH9', 'E9LVH7', 'G8GER6', 'E9LVH8', 'Q6A0I4', 'E0Z5H1', 'Q47RJ6', 'Q47RJ7', 'H6WX58', 'F7IX06', 'E5BBQ3', 'E5BBQ2', 'D4Q9N1']",15
LCPG,CPGP,"['Q6A0I3', 'E9LVI0', 'E9LVH9', 'E9LVH7', 'G8GER6', 'E9LVH8', 'Q6A0I4', 'E0Z5H1', 'Q47RJ6', 'Q47RJ7', 'H6WX58', 'F7IX06', 'E5BBQ3', 'E5BBQ2', 'D4Q9N1']",15
FLCP,LCPG,"['Q6A0I3', 'E9LVI0', 'E9LVH9', 'E9LVH7', 'G8GER6', 'E9LVH8', 'Q6A0I4', 'E0Z5H1', 'Q47RJ6', 'Q47RJ7', 'H6WX58', 'F7IX06', 'E5BBQ3', 'E5BBQ2', 'D4Q9N1']",15
EYRS,YRST,"['Q6A0I3', 'E9LVI0', 'E9LVH9', 'G8GER6', 'E9LVH8', 'Q6A0I4', 'E0Z5H1', 'Q47RJ6', 'Q47RJ7', 'H6WX58', 'W0TJ64', 'F7IX06', 'E5BBQ3', 'E5BBQ2', 'D4Q9N1']",15
YRST,RSTC,"['Q6A0I3', 'E9LVI0', 'E9LVH9', 'G8GER6', 'E9LVH8', 'Q6A0I4', 'E0Z5H1', 'Q47RJ6', 'Q47RJ7', 'H6WX58', 'W0TJ64', 'F7IX06', 'E5BBQ3', 'E5BBQ2', 'D4Q9N1']",15
RSTC,STCP,"['Q6A0I3', 'E9LVI0', 'E9LVH9', 'G8GER6', 'E9LVH8', 'Q6A0I4', 'E0Z5H1', 'Q47RJ6', 'Q47RJ7', 'H6WX58', 'W0TJ64', 'F7IX06', 'E5BBQ3', 'E5BBQ2', 'D4Q9N1']",15
STCP,TCPF,"['Q6A0I3', 'E9LVI0', 'E9LVH9', 'E9LVH7', 'G8GER6', 'E9LVH8', 'Q6A0I4', 'E0Z5H1', 'Q47RJ6', 'Q47RJ7', 'H6WX58', 'F7IX06', 'E5BBQ3', 'E5BBQ2', 'D4Q9N1']",15
RLAV,LAVM,"['Q6A0I3', 'E9LVI0', 'E9LVH9', 'E9LVH7', 'G8GER6', 'E9LVH8', 'Q6A0I4', 'E0Z5H1', 'Q47RJ6', 'Q47RJ7', 'W0TJ64', 'F7IX06', 'E5BBQ3', 'E5BBQ2', 'D4Q9N1']",15
ISPG,SPGY,"['Q6A0I3', 'E9LVI0', 'E9LVH9', 'E9LVH7', 'G8GER6', 'E9LVH8', 'Q6A0I4', 'E0Z5H1', 'Q47RJ6', 'Q47RJ7', 'H6WX58', 'F7IX06', 'E5BBQ3', 'E5BBQ2', 'D4Q9N1']",15
FYNS,YNSL,"['Q6A0I3', 'E9LVI0', 'E9LVH9', 'E9LVH7', 'G8GER6', 'E9LVH8', 'Q6A0I4', 'E0Z5H1', 'D1A9G5', 'Q47RJ6', 'Q47RJ7', 'H6WX58', 'E5BBQ3', 'E5BBQ2', 'D1A2H1']",15
LKRF,KRFV,"['Q6A0I3', 'E9LVI0', 'E9LVH9', 'E9LVH7', 'G8GER6', 'E9LVH8', 'Q6A0I4', 'Q47RJ6', 'Q47RJ7', 'H6WX58', 'W0TJ64', 'F7IX06', 'E5BBQ3', 'E5BBQ2', 'D4Q9N1']",15
YYPR,YPRE,"['Q6A0I3', 'E9LVI0', 'E9LVH9', 'E9LVH7', 'G8GER6', 'E9LVH8', 'Q6A0I4', 'E0Z5H1', 'Q47RJ6', 'Q47RJ7', 'W0TJ64', 'F7IX06', 'E5BBQ3', 'E5BBQ2', 'D4Q9N1']",15
IYYP,YYPR,"['Q6A0I3', 'E9LVI0', 'E9LVH9', 'E9LVH7', 'G8GER6', 'E9LVH8', 'Q6A0I4', 'E0Z5H1', 'Q47RJ6', 'Q47RJ7', 'W0TJ64', 'F7IX06', 'E5BBQ3', 'E5BBQ2', 'D4Q9N1']",15
PGYT,GYTG,"['Q6A0I3', 'E9LVI0', 'E9LVH9', 'E9LVH7', 'G8GER6', 'E9LVH8', 'Q6A0I4', 'E0Z5H1', 'Q47RJ6', 'Q47RJ7', 'H6WX58', 'F7IX06', 'E5BBQ3', 'E5BBQ2', 'D4Q9N1']",15
GYTG,YTGT,"['Q6A0I3', 'E9LVI0', 'E9LVH9', 'E9LVH7', 'G8GER6', 'E9LVH8', 'Q6A0I4', 'E0Z5H1', 'Q47RJ6', 'Q47RJ7', 'H6WX58', 'F7IX06', 'E5BBQ3', 'E5BBQ2', 'D4Q9N1']",15
ELDG,LDGA,"['Q6A0I3', 'E9LVI0', 'E9LVH9', 'E9LVH7', 'G8GER6', 'E9LVH8', 'Q6A0I4', 'E0Z5H1', 'Q47RJ6', 'Q47RJ7', 'H6WX58', 'W0TJ64', 'F7IX06', 'E5BBQ3', 'E5BBQ2']",15
YLEL,LELD,"['Q6A0I3', 'E9LVI0', 'E9LVH9', 'E9LVH7', 'G8GER6', 'E9LVH8', 'Q6A0I4', 'E0Z5H1', 'Q47RJ6', 'Q47RJ7', 'H6WX58', 'F7IX06', 'E5BBQ3', 'E5BBQ2', 'D1A2H1']",15
FAPN,APNI,"['Q6A0I3', 'E9LVI0', 'E9LVH9', 'E9LVH7', 'G8GER6', 'E9LVH8', 'Q6A0I4', 'E0Z5H1', 'Q47RJ6', 'Q47RJ7', 'W0TJ64', 'F7IX06', 'E5BBQ3', 'E5BBQ2', 'D4Q9N1']",15
KRFV,RFVD,"['Q6A0I3', 'E9LVI0', 'E9LVH9', 'E9LVH7', 'G8GER6', 'E9LVH8', 'Q6A0I4', 'Q47RJ6', 'Q47RJ7', 'H6WX58', 'W0TJ64', 'F7IX06', 'E5BBQ3', 'E5BBQ2', 'D4Q9N1']",15
ERGP,RGPN,"['Q6A0I3', 'E9LVI0', 'E9LVH9', 'E9LVH7', 'G8GER6', 'E9LVH8', 'Q6A0I4', 'E0Z5H1', 'Q47RJ6', 'Q47RJ7', 'H6WX58', 'F7IX06', 'E5BBQ3', 'E5BBQ2', 'D4Q9N1']",15
ASQR,SQRP,"['Q6A0I3', 'E9LVI0', 'E9LVH9', 'E9LVH7', 'G8GER6', 'E9LVH8', 'Q6A0I4', 'E0Z5H1', 'Q47RJ6', 'Q47RJ7', 'F7IX06', 'E5BBQ3', 'E5BBQ2', 'D4Q9N1']",14
SGPF,GPFS,"['Q6A0I3', 'E9LVI0', 'E9LVH9', 'E9LVH7', 'G8GER6', 'E9LVH8', 'Q6A0I4', 'E0Z5H1', 'Q47RJ6', 'Q47RJ7', 'F7IX06', 'E5BBQ3', 'E5BBQ2', 'D4Q9N1']",14
NTYG,TYGA,"['Q6A0I3', 'E9LVI0', 'E9LVH9', 'E9LVH7', 'G8GER6', 'E9LVH8', 'Q6A0I4', 'E0Z5H1', 'Q47RJ6', 'Q47RJ7', 'F7IX06', 'E5BBQ3', 'E5BBQ2', 'D4Q9N1']",14
LNAA,NAAL,"['Q6A0I3', 'E9LVI0', 'E9LVH9', 'E9LVH7', 'G8GER6', 'E9LVH8', 'Q6A0I4', 'E0Z5H1', 'Q47RJ6', 'Q47RJ7', 'F7IX06', 'E5BBQ3', 'E5BBQ2', 'D4Q9N1']",14
DLKA,LKAA,"['Q6A0I3', 'E9LVI0', 'E9LVH9', 'E9LVH7', 'G8GER6', 'E9LVH8', 'Q6A0I4', 'E0Z5H1', 'Q47RJ6', 'Q47RJ7', 'F7IX06', 'E5BBQ3', 'E5BBQ2', 'D4Q9N1']",14
SVSE,VSEE,"['Q6A0I3', 'E9LVI0', 'E9LVH9', 'E9LVH7', 'G8GER6', 'E9LVH8', 'Q6A0I4', 'E0Z5H1', 'Q47RJ6', 'Q47RJ7', 'F7IX06', 'E5BBQ3', 'E5BBQ2', 'D4Q9N1']",14
FSVS,SVSE,"['Q6A0I3', 'E9LVI0', 'E9LVH9', 'E9LVH7', 'G8GER6', 'E9LVH8', 'Q6A0I4', 'E0Z5H1', 'Q47RJ6', 'Q47RJ7', 'F7IX06', 'E5BBQ3', 'E5BBQ2', 'D4Q9N1']",14
RIAS,IASH,"['Q6A0I3', 'E9LVI0', 'E9LVH9', 'E9LVH7', 'G8GER6', 'E9LVH8', 'Q6A0I4', 'E0Z5H1', 'Q47RJ6', 'Q47RJ7', 'F7IX06', 'E5BBQ3', 'E5BBQ2', 'D4Q9N1']",14
LASQ,ASQR,"['Q6A0I3', 'E9LVI0', 'E9LVH9', 'E9LVH7', 'G8GER6', 'E9LVH8', 'Q6A0I4', 'E0Z5H1', 'Q47RJ6', 'Q47RJ7', 'F7IX06', 'E5BBQ3', 'E5BBQ2', 'D4Q9N1']",14
IASH,ASHG,"['Q6A0I3', 'E9LVI0', 'E9LVH9', 'E9LVH7', 'G8GER6', 'E9LVH8', 'Q6A0I4', 'E0Z5H1', 'Q47RJ6', 'Q47RJ7', 'F7IX06', 'E5BBQ3', 'E5BBQ2', 'D4Q9N1']",14
PDLK,DLKA,"['Q6A0I3', 'E9LVI0', 'E9LVH9', 'E9LVH7', 'G8GER6', 'E9LVH8', 'Q6A0I4', 'E0Z5H1', 'Q47RJ6', 'Q47RJ7', 'F7IX06', 'E5BBQ3', 'E5BBQ2', 'D4Q9N1']",14
RPDL,PDLK,"['Q6A0I3', 'E9LVI0', 'E9LVH9', 'E9LVH7', 'G8GER6', 'E9LVH8', 'Q6A0I4', 'E0Z5H1', 'Q47RJ6', 'Q47RJ7', 'F7IX06', 'E5BBQ3', 'E5BBQ2', 'D4Q9N1']",14
QRPD,RPDL,"['Q6A0I3', 'E9LVI0', 'E9LVH9', 'E9LVH7', 'G8GER6', 'E9LVH8', 'Q6A0I4', 'E0Z5H1', 'Q47RJ6', 'Q47RJ7', 'F7IX06', 'E5BBQ3', 'E5BBQ2', 'D4Q9N1']",14
QLNA,LNAA,"['Q6A0I3', 'E9LVI0', 'E9LVH9', 'E9LVH7', 'G8GER6', 'E9LVH8', 'Q6A0I4', 'E0Z5H1', 'Q47RJ6', 'Q47RJ7', 'F7IX06', 'E5BBQ3', 'E5BBQ2', 'D4Q9N1']",14
PFSV,FSVS,"['Q6A0I3', 'E9LVI0', 'E9LVH9', 'E9LVH7', 'G8GER6', 'E9LVH8', 'Q6A0I4', 'E0Z5H1', 'Q47RJ6', 'Q47RJ7', 'F7IX06', 'E5BBQ3', 'E5BBQ2', 'D4Q9N1']",14
SQRP,QRPD,"['Q6A0I3', 'E9LVI0', 'E9LVH9', 'E9LVH7', 'G8GER6', 'E9LVH8', 'Q6A0I4', 'E0Z5H1', 'Q47RJ6', 'Q47RJ7', 'F7IX06', 'E5BBQ3', 'E5BBQ2', 'D4Q9N1']",14
TPWH,PWHL,"['Q6A0I3', 'E9LVI0', 'E9LVH9', 'E9LVH7', 'G8GER6', 'E9LVH8', 'Q6A0I4', 'E0Z5H1', 'Q47RJ6', 'Q47RJ7', 'F7IX06', 'E5BBQ3', 'E5BBQ2', 'D4Q9N1']",14
PWHL,WHLN,"['Q6A0I3', 'E9LVI0', 'E9LVH9', 'E9LVH7', 'G8GER6', 'E9LVH8', 'Q6A0I4', 'E0Z5H1', 'Q47RJ6', 'Q47RJ7', 'F7IX06', 'E5BBQ3', 'E5BBQ2', 'D4Q9N1']",14
LELD,ELDG,"['Q6A0I3', 'E9LVI0', 'E9LVH9', 'E9LVH7', 'G8GER6', 'E9LVH8', 'Q6A0I4', 'E0Z5H1', 'Q47RJ6', 'Q47RJ7', 'H6WX58', 'F7IX06', 'E5BBQ3', 'E5BBQ2']",14
WHLN,HLNK,"['Q6A0I3', 'E9LVI0', 'E9LVH9', 'E9LVH7', 'G8GER6', 'E9LVH8', 'Q6A0I4', 'E0Z5H1', 'Q47RJ6', 'Q47RJ7', 'F7IX06', 'E5BBQ3', 'E5BBQ2', 'D4Q9N1']",14
EEYR,EYRS,"['Q6A0I3', 'E9LVI0', 'E9LVH9', 'G8GER6', 'E9LVH8', 'Q6A0I4', 'E0Z5H1', 'Q47RJ6', 'Q47RJ7', 'H6WX58', 'W0TJ64', 'F7IX06', 'E5BBQ3', 'E5BBQ2']",14
CPGP,PGPR,"['Q6A0I3', 'E9LVI0', 'E9LVH9', 'E9LVH7', 'G8GER6', 'E9LVH8', 'Q6A0I4', 'E0Z5H1', 'Q47RJ6', 'Q47RJ7', 'F7IX06', 'E5BBQ3', 'E5BBQ2', 'D4Q9N1']",14
VAWL,AWLK,"['Q6A0I3', 'E9LVI0', 'E9LVH9', 'E9LVH7', 'G8GER6', 'E9LVH8', 'Q6A0I4', 'E0Z5H1', 'Q47RJ6', 'Q47RJ7', 'F7IX06', 'E5BBQ3', 'E5BBQ2', 'D4Q9N1']",14
SVAW,VAWL,"['Q6A0I3', 'E9LVI0', 'E9LVH9', 'E9LVH7', 'G8GER6', 'E9LVH8', 'Q6A0I4', 'E0Z5H1', 'Q47RJ6', 'Q47RJ7', 'F7IX06', 'E5BBQ3', 'E5BBQ2', 'D4Q9N1']",14
YSVA,SVAW,"['Q6A0I3', 'E9LVI0', 'E9LVH9', 'E9LVH7', 'G8GER6', 'E9LVH8', 'Q6A0I4', 'E0Z5H1', 'Q47RJ6', 'Q47RJ7', 'F7IX06', 'E5BBQ3', 'E5BBQ2', 'D4Q9N1']",14
ATHF,THFA,"['Q6A0I3', 'E9LVI0', 'E9LVH9', 'E9LVH7', 'G8GER6', 'E9LVH8', 'Q6A0I4', 'E0Z5H1', 'Q47RJ6', 'Q47RJ7', 'W0TJ64', 'E5BBQ3', 'E5BBQ2', 'D4Q9N1']",14
THFA,HFAP,"['Q6A0I3', 'E9LVI0', 'E9LVH9', 'E9LVH7', 'G8GER6', 'E9LVH8', 'Q6A0I4', 'E0Z5H1', 'Q47RJ6', 'Q47RJ7', 'W0TJ64', 'E5BBQ3', 'E5BBQ2', 'D4Q9N1']",14
NDTR,DTRY,"['Q6A0I3', 'E9LVI0', 'E9LVH9', 'E9LVH7', 'A0A0K8P6T7', 'G8GER6', 'E9LVH8', 'Q6A0I4', 'G9BY57', 'E0Z5H1', 'Q47RJ6', 'Q47RJ7', 'E5BBQ3', 'E5BBQ2']",14
DNDT,NDTR,"['Q6A0I3', 'E9LVI0', 'E9LVH9', 'E9LVH7', 'A0A0K8P6T7', 'G8GER6', 'E9LVH8', 'Q6A0I4', 'G9BY57', 'E0Z5H1', 'Q47RJ6', 'Q47RJ7', 'E5BBQ3', 'E5BBQ2']",14
LDTI,DTIA,"['Q6A0I3', 'E9LVI0', 'E9LVH9', 'E9LVH7', 'G8GER6', 'E9LVH8', 'Q6A0I4', 'E0Z5H1', 'Q47RJ6', 'Q47RJ7', 'W0TJ64', 'E5BBQ3', 'E5BBQ2', 'D4Q9N1']",14
AVAI,VAIS,"['Q6A0I3', 'E9LVI0', 'E9LVH9', 'E9LVH7', 'G8GER6', 'E9LVH8', 'Q6A0I4', 'E0Z5H1', 'Q47RJ6', 'Q47RJ7', 'H6WX58', 'E5BBQ3', 'E5BBQ2']",13
SGFG,GFGG,"['E9LVI0', 'E9LVH7', 'Q6A0I4', 'E9LVH8', 'G9BY57', 'Q47RJ6', 'E0Z5H1', 'D1A9G5', 'Q56008', 'W0TJ64', 'E5BBQ3', 'E5BBQ2', 'D1A2H1']",13
VAIS,AISP,"['Q6A0I3', 'E9LVI0', 'E9LVH9', 'E9LVH7', 'G8GER6', 'E9LVH8', 'Q6A0I4', 'E0Z5H1', 'Q47RJ6', 'Q47RJ7', 'H6WX58', 'E5BBQ3', 'E5BBQ2']",13
PNIP,NIPN,"['Q6A0I3', 'E9LVI0', 'E9LVH9', 'E9LVH7', 'G8GER6', 'E9LVH8', 'Q6A0I4', 'E0Z5H1', 'Q47RJ6', 'Q47RJ7', 'W0TJ64', 'E5BBQ3', 'E5BBQ2']",13
GAVA,AVAI,"['Q6A0I3', 'E9LVI0', 'E9LVH9', 'E9LVH7', 'G8GER6', 'E9LVH8', 'Q6A0I4', 'E0Z5H1', 'Q47RJ6', 'Q47RJ7', 'H6WX58', 'E5BBQ3', 'E5BBQ2']",13
GATH,ATHF,"['Q6A0I3', 'E9LVI0', 'E9LVH9', 'E9LVH7', 'G8GER6', 'E9LVH8', 'Q6A0I4', 'E0Z5H1', 'Q47RJ6', 'Q47RJ7', 'W0TJ64', 'E5BBQ3', 'E5BBQ2']",13
APNI,PNIP,"['Q6A0I3', 'E9LVI0', 'E9LVH9', 'E9LVH7', 'G8GER6', 'E9LVH8', 'Q6A0I4', 'E0Z5H1', 'Q47RJ6', 'Q47RJ7', 'W0TJ64', 'E5BBQ3', 'E5BBQ2']",13
PNPT,NPTD,"['Q6A0I3', 'E9LVI0', 'E9LVH9', 'E9LVH7', 'G8GER6', 'E9LVH8', 'Q6A0I4', 'E0Z5H1', 'Q47RJ6', 'Q47RJ7', 'W0TJ64', 'E5BBQ3', 'E5BBQ2']",13
VDND,DNDT,"['Q6A0I3', 'E9LVI0', 'E9LVH9', 'E9LVH7', 'G8GER6', 'E9LVH8', 'Q6A0I4', 'G9BY57', 'E0Z5H1', 'Q47RJ6', 'Q47RJ7', 'E5BBQ3', 'E5BBQ2']",13
NNTY,NTYG,"['Q6A0I3', 'E9LVI0', 'E9LVH9', 'E9LVH7', 'G8GER6', 'E9LVH8', 'Q6A0I4', 'Q47RJ6', 'Q47RJ7', 'F7IX06', 'E5BBQ3', 'E5BBQ2', 'D4Q9N1']",13
ENNT,NNTY,"['Q6A0I3', 'E9LVI0', 'E9LVH9', 'E9LVH7', 'G8GER6', 'E9LVH8', 'Q6A0I4', 'Q47RJ6', 'Q47RJ7', 'F7IX06', 'E5BBQ3', 'E5BBQ2', 'D4Q9N1']",13
RENN,ENNT,"['Q6A0I3', 'E9LVI0', 'E9LVH9', 'E9LVH7', 'G8GER6', 'E9LVH8', 'Q6A0I4', 'Q47RJ6', 'Q47RJ7', 'F7IX06', 'E5BBQ3', 'E5BBQ2', 'D4Q9N1']",13
PREN,RENN,"['Q6A0I3', 'E9LVI0', 'E9LVH9', 'E9LVH7', 'G8GER6', 'E9LVH8', 'Q6A0I4', 'Q47RJ6', 'Q47RJ7', 'F7IX06', 'E5BBQ3', 'E5BBQ2', 'D4Q9N1']",13
YPRE,PREN,"['Q6A0I3', 'E9LVI0', 'E9LVH9', 'E9LVH7', 'G8GER6', 'E9LVH8', 'Q6A0I4', 'Q47RJ6', 'Q47RJ7', 'F7IX06', 'E5BBQ3', 'E5BBQ2', 'D4Q9N1']",13
AWLK,WLKR,"['Q6A0I3', 'E9LVI0', 'E9LVH9', 'E9LVH7', 'G8GER6', 'E9LVH8', 'Q6A0I4', 'Q47RJ6', 'Q47RJ7', 'F7IX06', 'E5BBQ3', 'E5BBQ2', 'D4Q9N1']",13
LDGA,DGAT,"['Q6A0I3', 'E9LVI0', 'E9LVH9', 'E9LVH7', 'G8GER6', 'E9LVH8', 'Q6A0I4', 'E0Z5H1', 'Q47RJ6', 'Q47RJ7', 'W0TJ64', 'E5BBQ3', 'E5BBQ2']",13
DGAT,GATH,"['Q6A0I3', 'E9LVI0', 'E9LVH9', 'E9LVH7', 'G8GER6', 'E9LVH8', 'Q6A0I4', 'E0Z5H1', 'Q47RJ6', 'Q47RJ7', 'W0TJ64', 'E5BBQ3', 'E5BBQ2']",13
TIAP,IAPV,"['Q6A0I3', 'E9LVI0', 'E9LVH9', 'E9LVH7', 'G8GER6', 'E9LVH8', 'Q6A0I4', 'E0Z5H1', 'Q47RJ6', 'Q47RJ7', 'E5BBQ3', 'E5BBQ2', 'D4Q9N1']",13
YNSL,NSLP,"['Q6A0I3', 'E9LVI0', 'E9LVH9', 'E9LVH7', 'G8GER6', 'E9LVH8', 'Q6A0I4', 'E0Z5H1', 'Q47RJ6', 'Q47RJ7', 'H6WX58', 'E5BBQ3', 'E5BBQ2']",13
SSRL,SRLA,"['Q6A0I3', 'E9LVI0', 'E9LVH9', 'E9LVH7', 'G8GER6', 'E9LVH8', 'Q6A0I4', 'E0Z5H1', 'Q47RJ6', 'Q47RJ7', 'H6WX58', 'E5BBQ3', 'E5BBQ2']",13
DSSR,SSRL,"['Q6A0I3', 'E9LVI0', 'E9LVH9', 'E9LVH7', 'G8GER6', 'E9LVH8', 'Q6A0I4', 'E0Z5H1', 'Q47RJ6', 'Q47RJ7', 'H6WX58', 'E5BBQ3', 'E5BBQ2']",13
IDSS,DSSR,"['Q6A0I3', 'E9LVI0', 'E9LVH9', 'E9LVH7', 'G8GER6', 'E9LVH8', 'Q6A0I4', 'E0Z5H1', 'Q47RJ6', 'Q47RJ7', 'H6WX58', 'E5BBQ3', 'E5BBQ2']",13
RIDS,IDSS,"['Q6A0I3', 'E9LVI0', 'E9LVH9', 'E9LVH7', 'G8GER6', 'E9LVH8', 'Q6A0I4', 'E0Z5H1', 'Q47RJ6', 'Q47RJ7', 'H6WX58', 'E5BBQ3', 'E5BBQ2']",13
GADL,ADLD,"['Q6A0I3', 'E9LVI0', 'E9LVH9', 'E9LVH7', 'G8GER6', 'E9LVH8', 'Q6A0I4', 'E0Z5H1', 'Q47RJ6', 'Q47RJ7', 'E5BBQ3', 'E5BBQ2', 'D4Q9N1']",13
GGGG,GGGT,"['E9LVH9', 'E9LVH7', 'G8GER6', 'E9LVH8', 'Q6A0I4', 'G9BY57', 'E0Z5H1', 'D1A9G5', 'Q47RJ6', 'Q47RJ7', 'H6WX58', 'F7IX06', 'D4Q9N1']",13
DTIA,TIAP,"['Q6A0I3', 'E9LVI0', 'E9LVH9', 'E9LVH7', 'G8GER6', 'E9LVH8', 'Q6A0I4', 'E0Z5H1', 'Q47RJ6', 'Q47RJ7', 'E5BBQ3', 'E5BBQ2', 'D4Q9N1']",13
ADLD,DLDT,"['Q6A0I3', 'E9LVI0', 'E9LVH9', 'E9LVH7', 'G8GER6', 'E9LVH8', 'Q6A0I4', 'E0Z5H1', 'Q47RJ6', 'Q47RJ7', 'E5BBQ3', 'E5BBQ2', 'D4Q9N1']",13
DLDT,LDTI,"['Q6A0I3', 'E9LVI0', 'E9LVH9', 'E9LVH7', 'G8GER6', 'E9LVH8', 'Q6A0I4', 'E0Z5H1', 'Q47RJ6', 'Q47RJ7', 'E5BBQ3', 'E5BBQ2', 'D4Q9N1']",13
ITID,TIDT,"['Q6A0I3', 'E9LVI0', 'E9LVH9', 'E9LVH7', 'A0A0K8P6T7', 'G8GER6', 'E9LVH8', 'Q6A0I4', 'E0Z5H1', 'Q47RJ6', 'Q47RJ7', 'E5BBQ3', 'E5BBQ2']",13
VEEY,EEYR,"['Q6A0I3', 'E9LVI0', 'E9LVH9', 'G8GER6', 'E9LVH8', 'Q6A0I4', 'E0Z5H1', 'Q47RJ6', 'Q47RJ7', 'H6WX58', 'F7IX06', 'E5BBQ3', 'E5BBQ2']",13
VITI,ITID,"['Q6A0I3', 'E9LVI0', 'E9LVH9', 'E9LVH7', 'A0A0K8P6T7', 'G8GER6', 'E9LVH8', 'Q6A0I4', 'E0Z5H1', 'Q47RJ6', 'Q47RJ7', 'E5BBQ3', 'E5BBQ2']",13
VVIT,VITI,"['Q6A0I3', 'E9LVI0', 'E9LVH9', 'E9LVH7', 'A0A0K8P6T7', 'G8GER6', 'E9LVH8', 'Q6A0I4', 'E0Z5H1', 'Q47RJ6', 'Q47RJ7', 'E5BBQ3', 'E5BBQ2']",13
FVVI,VVIT,"['Q6A0I3', 'E9LVI0', 'E9LVH9', 'E9LVH7', 'A0A0K8P6T7', 'G8GER6', 'E9LVH8', 'Q6A0I4', 'E0Z5H1', 'Q47RJ6', 'Q47RJ7', 'E5BBQ3', 'E5BBQ2']",13
LRLA,RLAS,"['Q6A0I3', 'E9LVI0', 'E9LVH9', 'G8GER6', 'E9LVH8', 'Q6A0I4', 'E0Z5H1', 'Q47RJ6', 'Q47RJ7', 'F7IX06', 'E5BBQ3', 'E5BBQ2', 'D4Q9N1']",13
IGAD,GADL,"['Q6A0I3', 'E9LVI0', 'E9LVH9', 'E9LVH7', 'G8GER6', 'E9LVH8', 'Q6A0I4', 'E0Z5H1', 'Q47RJ6', 'Q47RJ7', 'E5BBQ3', 'E5BBQ2', 'D4Q9N1']",13
IIGA,IGAD,"['Q6A0I3', 'E9LVI0', 'E9LVH9', 'E9LVH7', 'G8GER6', 'E9LVH8', 'Q6A0I4', 'E0Z5H1', 'Q47RJ6', 'Q47RJ7', 'E5BBQ3', 'E5BBQ2', 'D4Q9N1']",13
PTDA,TDAL,"['Q6A0I3', 'E9LVI0', 'E9LVH9', 'E9LVH7', 'G8GER6', 'E9LVH8', 'Q6A0I4', 'E0Z5H1', 'Q47RJ6', 'Q47RJ7', 'E5BBQ3', 'E5BBQ2']",12
NPTD,PTDA,"['Q6A0I3', 'E9LVI0', 'E9LVH9', 'E9LVH7', 'G8GER6', 'E9LVH8', 'Q6A0I4', 'E0Z5H1', 'Q47RJ6', 'Q47RJ7', 'E5BBQ3', 'E5BBQ2']",12
DGLF,GLFG,"['Q6A0I3', 'E9LVI0', 'E9LVH9', 'E9LVH7', 'G8GER6', 'E9LVH8', 'Q6A0I4', 'E0Z5H1', 'Q47RJ6', 'Q47RJ7', 'E5BBQ3', 'E5BBQ2']",12
EVEE,VEEY,"['Q6A0I3', 'E9LVI0', 'E9LVH9', 'E9LVH7', 'G8GER6', 'E9LVH8', 'Q6A0I4', 'E0Z5H1', 'Q47RJ6', 'Q47RJ7', 'E5BBQ3', 'E5BBQ2']",12
DALL,ALLE,"['Q6A0I3', 'E9LVI0', 'E9LVH9', 'E9LVH7', 'G8GER6', 'E9LVH8', 'Q6A0I4', 'E0Z5H1', 'Q47RJ6', 'Q47RJ7', 'E5BBQ3', 'E5BBQ2']",12
GEVE,EVEE,"['Q6A0I3', 'E9LVI0', 'E9LVH9', 'E9LVH7', 'G8GER6', 'E9LVH8', 'Q6A0I4', 'E0Z5H1', 'Q47RJ6', 'Q47RJ7', 'E5BBQ3', 'E5BBQ2']",12
PGPR,GPRD,"['Q6A0I3', 'E9LVI0', 'E9LVH9', 'E9LVH7', 'G8GER6', 'E9LVH8', 'Q6A0I4', 'E0Z5H1', 'Q47RJ6', 'Q47RJ7', 'E5BBQ3', 'E5BBQ2']",12
GPRD,PRDG,"['Q6A0I3', 'E9LVI0', 'E9LVH9', 'E9LVH7', 'G8GER6', 'E9LVH8', 'Q6A0I4', 'E0Z5H1', 'Q47RJ6', 'Q47RJ7', 'E5BBQ3', 'E5BBQ2']",12
PRDG,RDGL,"['Q6A0I3', 'E9LVI0', 'E9LVH9', 'E9LVH7', 'G8GER6', 'E9LVH8', 'Q6A0I4', 'E0Z5H1', 'Q47RJ6', 'Q47RJ7', 'E5BBQ3', 'E5BBQ2']",12
FGEV,GEVE,"['Q6A0I3', 'E9LVI0', 'E9LVH9', 'E9LVH7', 'G8GER6', 'E9LVH8', 'Q6A0I4', 'E0Z5H1', 'Q47RJ6', 'Q47RJ7', 'E5BBQ3', 'E5BBQ2']",12
RDGL,DGLF,"['Q6A0I3', 'E9LVI0', 'E9LVH9', 'E9LVH7', 'G8GER6', 'E9LVH8', 'Q6A0I4', 'E0Z5H1', 'Q47RJ6', 'Q47RJ7', 'E5BBQ3', 'E5BBQ2']",12
LFGE,FGEV,"['Q6A0I3', 'E9LVI0', 'E9LVH9', 'E9LVH7', 'G8GER6', 'E9LVH8', 'Q6A0I4', 'E0Z5H1', 'Q47RJ6', 'Q47RJ7', 'E5BBQ3', 'E5BBQ2']",12
TDAL,DALL,"['Q6A0I3', 'E9LVI0', 'E9LVH9', 'E9LVH7', 'G8GER6', 'E9LVH8', 'Q6A0I4', 'E0Z5H1', 'Q47RJ6', 'Q47RJ7', 'E5BBQ3', 'E5BBQ2']",12
YGAV,GAVA,"['Q6A0I3', 'E9LVI0', 'E9LVH9', 'E9LVH7', 'G8GER6', 'E9LVH8', 'Q6A0I4', 'E0Z5H1', 'Q47RJ6', 'Q47RJ7', 'E5BBQ3', 'E5BBQ2']",12
ALLE,LLEA,"['Q6A0I3', 'E9LVI0', 'E9LVH9', 'E9LVH7', 'G8GER6', 'E9LVH8', 'Q6A0I4', 'E0Z5H1', 'Q47RJ6', 'Q47RJ7', 'E5BBQ3', 'E5BBQ2']",12
NIPN,IPNK,"['Q6A0I3', 'E9LVI0', 'E9LVH9', 'E9LVH7', 'G8GER6', 'E9LVH8', 'Q6A0I4', 'E0Z5H1', 'Q47RJ6', 'Q47RJ7', 'E5BBQ3', 'E5BBQ2']",12
HLNK,LNKN,"['Q6A0I3', 'E9LVI0', 'E9LVH9', 'E9LVH7', 'G8GER6', 'E9LVH8', 'Q6A0I4', 'E0Z5H1', 'Q47RJ6', 'Q47RJ7', 'E5BBQ3', 'E5BBQ2']",12
GGGT,GGTL,"['E9LVH9', 'G8GER6', 'E9LVH8', 'Q6A0I4', 'G9BY57', 'E0Z5H1', 'D1A9G5', 'Q47RJ6', 'Q47RJ7', 'H6WX58', 'F7IX06', 'D4Q9N1']",12
SRID,RIDS,"['Q6A0I3', 'E9LVI0', 'E9LVH9', 'E9LVH7', 'G8GER6', 'E9LVH8', 'Q6A0I4', 'E0Z5H1', 'Q47RJ6', 'Q47RJ7', 'E5BBQ3', 'E5BBQ2']",12
RSRI,SRID,"['Q6A0I3', 'E9LVI0', 'E9LVH9', 'E9LVH7', 'G8GER6', 'E9LVH8', 'Q6A0I4', 'E0Z5H1', 'Q47RJ6', 'Q47RJ7', 'E5BBQ3', 'E5BBQ2']",12
SISK,ISKA,"['Q6A0I3', 'E9LVI0', 'E9LVH9', 'E9LVH7', 'G8GER6', 'E9LVH8', 'Q6A0I4', 'E0Z5H1', 'Q47RJ6', 'Q47RJ7', 'E5BBQ3', 'E5BBQ2']",12
ISKA,SKAY,"['Q6A0I3', 'E9LVI0', 'E9LVH9', 'E9LVH7', 'G8GER6', 'E9LVH8', 'Q6A0I4', 'E0Z5H1', 'Q47RJ6', 'Q47RJ7', 'E5BBQ3', 'E5BBQ2']",12
SKAY,KAYL,"['Q6A0I3', 'E9LVI0', 'E9LVH9', 'E9LVH7', 'G8GER6', 'E9LVH8', 'Q6A0I4', 'E0Z5H1', 'Q47RJ6', 'Q47RJ7', 'E5BBQ3', 'E5BBQ2']",12
WLGE,LGER,"['E9LVI0', 'E9LVH9', 'G8GER6', 'E9LVH8', 'Q6A0I4', 'E0Z5H1', 'Q47RJ6', 'Q47RJ7', 'H6WX58', 'F7IX06', 'E5BBQ3', 'D4Q9N1']",12
IPNK,PNKI,"['Q6A0I3', 'E9LVI0', 'E9LVH9', 'E9LVH7', 'G8GER6', 'E9LVH8', 'Q6A0I4', 'E0Z5H1', 'Q47RJ6', 'Q47RJ7', 'E5BBQ3', 'E5BBQ2']",12
FVDN,VDND,"['Q6A0I3', 'E9LVI0', 'E9LVH9', 'E9LVH7', 'G8GER6', 'E9LVH8', 'Q6A0I4', 'E0Z5H1', 'Q47RJ6', 'Q47RJ7', 'E5BBQ3', 'E5BBQ2']",12
PNKI,NKII,"['Q6A0I3', 'E9LVI0', 'E9LVH9', 'E9LVH7', 'G8GER6', 'E9LVH8', 'Q6A0I4', 'E0Z5H1', 'Q47RJ6', 'Q47RJ7', 'E5BBQ3', 'E5BBQ2']",12
NKII,KIIG,"['Q6A0I3', 'E9LVI0', 'E9LVH9', 'E9LVH7', 'G8GER6', 'E9LVH8', 'Q6A0I4', 'E0Z5H1', 'Q47RJ6', 'Q47RJ7', 'E5BBQ3', 'E5BBQ2']",12
KIIG,IIGK,"['Q6A0I3', 'E9LVI0', 'E9LVH9', 'E9LVH7', 'G8GER6', 'E9LVH8', 'Q6A0I4', 'E0Z5H1', 'Q47RJ6', 'Q47RJ7', 'E5BBQ3', 'E5BBQ2']",12
IIGK,IGKY,"['Q6A0I3', 'E9LVI0', 'E9LVH9', 'E9LVH7', 'G8GER6', 'E9LVH8', 'Q6A0I4', 'E0Z5H1', 'Q47RJ6', 'Q47RJ7', 'E5BBQ3', 'E5BBQ2']",12
TYGA,YGAV,"['Q6A0I3', 'E9LVI0', 'E9LVH9', 'E9LVH7', 'G8GER6', 'E9LVH8', 'Q6A0I4', 'E0Z5H1', 'Q47RJ6', 'Q47RJ7', 'E5BBQ3', 'E5BBQ2']",12
IGKY,GKYS,"['Q6A0I3', 'E9LVI0', 'E9LVH9', 'E9LVH7', 'G8GER6', 'E9LVH8', 'Q6A0I4', 'E0Z5H1', 'Q47RJ6', 'Q47RJ7', 'E5BBQ3', 'E5BBQ2']",12
GKYS,KYSV,"['Q6A0I3', 'E9LVI0', 'E9LVH9', 'E9LVH7', 'G8GER6', 'E9LVH8', 'Q6A0I4', 'E0Z5H1', 'Q47RJ6', 'Q47RJ7', 'E5BBQ3', 'E5BBQ2']",12
KYSV,YSVA,"['Q6A0I3', 'E9LVI0', 'E9LVH9', 'E9LVH7', 'G8GER6', 'E9LVH8', 'Q6A0I4', 'E0Z5H1', 'Q47RJ6', 'Q47RJ7', 'E5BBQ3', 'E5BBQ2']",12
GLFG,LFGE,"['Q6A0I3', 'E9LVI0', 'E9LVH9', 'E9LVH7', 'G8GER6', 'E9LVH8', 'Q6A0I4', 'E0Z5H1', 'Q47RJ6', 'Q47RJ7', 'E5BBQ3', 'E5BBQ2']",12
VRSR,RSRI,"['Q6A0I3', 'E9LVI0', 'E9LVH9', 'E9LVH7', 'G8GER6', 'E9LVH8', 'Q6A0I4', 'E0Z5H1', 'Q47RJ6', 'Q47RJ7', 'E5BBQ3', 'E5BBQ2']",12
AANP,ANPY,"['Q6A0I3', 'G8GER6', 'Q6A0I4', 'Q47RJ6', 'E0Z5H1', 'D1A9G5', 'Q56008', 'Q47RJ7', 'F7IX06', 'D1A2H1', 'E5BBQ2', 'D4Q9N1']",12
NKNW,KNWS,"['Q6A0I3', 'E9LVI0', 'E9LVH9', 'G8GER6', 'E9LVH8', 'Q6A0I4', 'E0Z5H1', 'Q47RJ6', 'Q47RJ7', 'E5BBQ3', 'E5BBQ2']",11
RFVD,FVDN,"['Q6A0I3', 'E9LVI0', 'E9LVH9', 'E9LVH7', 'G8GER6', 'E9LVH8', 'Q6A0I4', 'Q47RJ6', 'Q47RJ7', 'E5BBQ3', 'E5BBQ2']",11
LGER,GERI,"['E9LVI0', 'E9LVH9', 'G8GER6', 'E9LVH8', 'Q6A0I4', 'E0Z5H1', 'Q47RJ6', 'Q47RJ7', 'F7IX06', 'E5BBQ3', 'D4Q9N1']",11
GERI,ERIA,"['E9LVI0', 'E9LVH9', 'G8GER6', 'E9LVH8', 'Q6A0I4', 'E0Z5H1', 'Q47RJ6', 'Q47RJ7', 'F7IX06', 'E5BBQ3', 'D4Q9N1']",11
ERIA,RIAS,"['E9LVI0', 'E9LVH9', 'G8GER6', 'E9LVH8', 'Q6A0I4', 'E0Z5H1', 'Q47RJ6', 'Q47RJ7', 'F7IX06', 'E5BBQ3', 'D4Q9N1']",11
NWSS,WSSV,"['Q6A0I3', 'E9LVI0', 'E9LVH9', 'G8GER6', 'E9LVH8', 'Q6A0I4', 'E0Z5H1', 'Q47RJ6', 'Q47RJ7', 'E5BBQ3', 'E5BBQ2']",11
KNWS,NWSS,"['Q6A0I3', 'E9LVI0', 'E9LVH9', 'G8GER6', 'E9LVH8', 'Q6A0I4', 'E0Z5H1', 'Q47RJ6', 'Q47RJ7', 'E5BBQ3', 'E5BBQ2']",11
LNKN,NKNW,"['Q6A0I3', 'E9LVI0', 'E9LVH9', 'G8GER6', 'E9LVH8', 'Q6A0I4', 'E0Z5H1', 'Q47RJ6', 'Q47RJ7', 'E5BBQ3', 'E5BBQ2']",11
AWLG,WLGE,"['E9LVI0', 'E9LVH9', 'G8GER6', 'E9LVH8', 'Q6A0I4', 'E0Z5H1', 'Q47RJ6', 'Q47RJ7', 'F7IX06', 'E5BBQ3', 'D4Q9N1']",11
AALD,ALDY,"['Q6A0I3', 'G8GER6', 'E9LVH9', 'D1A9G5', 'Q47RJ7', 'H6WX58', 'W0TJ64', 'F7IX06', 'D1A2H1', 'E5BBQ2', 'D4Q9N1']",11
GGTL,GTLR,"['E9LVH9', 'G8GER6', 'E9LVH8', 'Q6A0I4', 'G9BY57', 'E0Z5H1', 'Q47RJ6', 'Q47RJ7', 'H6WX58', 'F7IX06', 'D4Q9N1']",11
ASGF,SGFG,"['E9LVI0', 'E9LVH7', 'Q6A0I4', 'E9LVH8', 'Q47RJ6', 'E0Z5H1', 'Q56008', 'W0TJ64', 'E5BBQ3', 'E5BBQ2']",10
SIAW,IAWL,"['E9LVI0', 'E9LVH7', 'Q6A0I4', 'E9LVH8', 'Q47RJ6', 'E0Z5H1', 'Q56008', 'F7IX06', 'E5BBQ3', 'D4Q9N1']",10
IAWL,AWLG,"['E9LVI0', 'E9LVH7', 'Q6A0I4', 'E9LVH8', 'Q47RJ6', 'E0Z5H1', 'Q56008', 'F7IX06', 'E5BBQ3', 'D4Q9N1']",10
EARS,ARSG,"['Q6A0I3', 'E9LVI0', 'G8GER6', 'E9LVH9', 'E0Z5H1', 'Q47RJ7', 'F7IX06', 'E5BBQ3', 'E5BBQ2', 'D4Q9N1']",10
RSGP,SGPF,"['Q6A0I3', 'E9LVI0', 'G8GER6', 'E9LVH9', 'E0Z5H1', 'Q47RJ7', 'F7IX06', 'E5BBQ3', 'E5BBQ2', 'D4Q9N1']",10
VSRL,SRLS,"['E9LVI0', 'E9LVH7', 'Q6A0I4', 'E9LVH8', 'G9BY57', 'E0Z5H1', 'D1A9G5', 'Q47RJ6', 'E5BBQ3', 'D1A2H1']",10
GTLR,TLRL,"['E9LVH9', 'G8GER6', 'E9LVH8', 'Q6A0I4', 'E0Z5H1', 'Q47RJ6', 'Q47RJ7', 'H6WX58', 'F7IX06', 'D4Q9N1']",10
ARSG,RSGP,"['Q6A0I3', 'E9LVI0', 'G8GER6', 'E9LVH9', 'E0Z5H1', 'Q47RJ7', 'F7IX06', 'E5BBQ3', 'E5BBQ2', 'D4Q9N1']",10
LEAR,EARS,"['Q6A0I3', 'E9LVI0', 'G8GER6', 'E9LVH9', 'E0Z5H1', 'Q47RJ7', 'F7IX06', 'E5BBQ3', 'E5BBQ2', 'D4Q9N1']",10
TLRL,LRLA,"['E9LVH9', 'G8GER6', 'E9LVH8', 'Q6A0I4', 'E0Z5H1', 'Q47RJ6', 'Q47RJ7', 'H6WX58', 'F7IX06', 'D4Q9N1']",10
APVA,PVAT,"['E9LVH7', 'Q6A0I4', 'E9LVH8', 'Q47RJ6', 'E0Z5H1', 'D1A9G5', 'Q56008', 'E5BBQ3', 'D1A2H1']",9
NTTL,TTLD,"['Q6A0I3', 'G8GER6', 'E9LVH9', 'Q56008', 'Q47RJ7', 'H6WX58', 'F7IX06', 'D1A2H1', 'D4Q9N1']",9
PVAT,VATH,"['E9LVH7', 'Q6A0I4', 'E9LVH8', 'Q47RJ6', 'E0Z5H1', 'D1A9G5', 'Q56008', 'E5BBQ3', 'D1A2H1']",9
IDTN,DTNT,"['Q6A0I3', 'G8GER6', 'E9LVH9', 'Q56008', 'Q47RJ7', 'H6WX58', 'W0TJ64', 'F7IX06', 'D4Q9N1']",9
TNTT,NTTL,"['Q6A0I3', 'G8GER6', 'E9LVH9', 'Q56008', 'Q47RJ7', 'H6WX58', 'F7IX06', 'D1A2H1', 'D4Q9N1']",9
AAAT,AATA,"['Q6A0I3', 'A0A0K8P6T7', 'G8GER6', 'Q6A0I4', 'Q47RJ6', 'Q56008', 'Q47RJ7', 'F7IX06', 'E5BBQ2']",9
AAAA,AAAT,"['Q6A0I3', 'G8GER6', 'Q6A0I4', 'Q47RJ6', 'Q56008', 'Q47RJ7', 'F7IX06', 'E5BBQ2', 'D4Q9N1']",9
TVPT,VPTL,"['E9LVH7', 'A0A0K8P6T7', 'Q6A0I4', 'E9LVH8', 'E0Z5H1', 'Q47RJ6', 'F7IX06', 'E5BBQ3', 'D4Q9N1']",9
TPRR,PRRE,"['Q6A0I3', 'G8GER6', 'Q6A0I4', 'Q47RJ6', 'Q47RJ7', 'F7IX06', 'E5BBQ2', 'D4Q9N1']",8
TEAS,EASI,"['E9LVI0', 'E9LVH7', 'Q6A0I4', 'E9LVH8', 'E0Z5H1', 'Q47RJ6', 'E5BBQ3', 'D1A2H1']",8
NVSR,VSRL,"['E9LVI0', 'E9LVH7', 'Q6A0I4', 'E9LVH8', 'E0Z5H1', 'Q47RJ6', 'E5BBQ3', 'E5BBQ2']",8
ALDY,LDYM,"['Q6A0I3', 'G8GER6', 'E9LVH9', 'Q47RJ7', 'H6WX58', 'F7IX06', 'E5BBQ2', 'D4Q9N1']",8
VSEE,SEEN,"['E9LVI0', 'E9LVH7', 'Q6A0I4', 'E9LVH8', 'E0Z5H1', 'Q47RJ6', 'E5BBQ3', 'E5BBQ2']",8
SEEN,EENV,"['E9LVI0', 'E9LVH7', 'Q6A0I4', 'E9LVH8', 'E0Z5H1', 'Q47RJ6', 'E5BBQ3', 'E5BBQ2']",8
EENV,ENVS,"['E9LVI0', 'E9LVH7', 'Q6A0I4', 'E9LVH8', 'E0Z5H1', 'Q47RJ6', 'E5BBQ3', 'E5BBQ2']",8
TIDT,IDTN,"['Q6A0I3', 'A0A0K8P6T7', 'G8GER6', 'E9LVH9', 'Q56008', 'Q47RJ7', 'H6WX58', 'W0TJ64']",8
DTNT,TNTT,"['Q6A0I3', 'G8GER6', 'E9LVH9', 'Q56008', 'Q47RJ7', 'H6WX58', 'F7IX06', 'D4Q9N1']",8
ENVS,NVSR,"['E9LVI0', 'E9LVH7', 'Q6A0I4', 'E9LVH8', 'E0Z5H1', 'Q47RJ6', 'E5BBQ3', 'E5BBQ2']",8
GGGG,GGGS,"['Q6A0I3', 'E9LVI0', 'A0A0K8P6T7', 'Q56008', 'W0TJ64', 'E5BBQ3', 'E5BBQ2', 'D1A2H1']",8
LAAP,AAPA,"['Q6A0I3', 'G8GER6', 'Q6A0I4', 'Q47RJ6', 'Q47RJ7', 'F7IX06', 'E5BBQ2', 'D4Q9N1']",8
TIDT,IDTI,"['E9LVI0', 'E9LVH7', 'Q6A0I4', 'E9LVH8', 'E0Z5H1', 'Q47RJ6', 'E5BBQ3', 'E5BBQ2']",8
IDTI,DTIT,"['E9LVI0', 'E9LVH7', 'Q6A0I4', 'E9LVH8', 'E0Z5H1', 'Q47RJ6', 'E5BBQ3', 'E5BBQ2']",8
DTIT,TITT,"['E9LVI0', 'E9LVH7', 'Q6A0I4', 'E9LVH8', 'E0Z5H1', 'Q47RJ6', 'E5BBQ3', 'E5BBQ2']",8
TITT,ITTL,"['E9LVI0', 'E9LVH7', 'Q6A0I4', 'E9LVH8', 'E0Z5H1', 'Q47RJ6', 'E5BBQ3', 'E5BBQ2']",8
ITTL,TTLD,"['E9LVI0', 'E9LVH7', 'Q6A0I4', 'E9LVH8', 'E0Z5H1', 'Q47RJ6', 'E5BBQ3', 'E5BBQ2']",8
SLLS,LLSR,"['Q6A0I3', 'G8GER6', 'Q6A0I4', 'Q47RJ6', 'Q47RJ7', 'F7IX06', 'E5BBQ2', 'D4Q9N1']",8
LLEA,LEAR,"['Q6A0I3', 'E9LVI0', 'G8GER6', 'E9LVH9', 'E0Z5H1', 'Q47RJ7', 'E5BBQ3', 'E5BBQ2']",8
YTGT,TGTQ,"['Q6A0I3', 'G8GER6', 'E9LVH9', 'Q47RJ7', 'H6WX58', 'F7IX06', 'E5BBQ2', 'D4Q9N1']",8
LLSR,LSRA,"['Q6A0I3', 'G8GER6', 'Q6A0I4', 'Q47RJ6', 'Q47RJ7', 'F7IX06', 'E5BBQ2', 'D4Q9N1']",8
GGGS,GGSL,"['Q6A0I3', 'E9LVI0', 'A0A0K8P6T7', 'Q56008', 'W0TJ64', 'E5BBQ3', 'E5BBQ2', 'D1A2H1']",8
LSRA,SRAL,"['Q6A0I3', 'G8GER6', 'Q6A0I4', 'Q47RJ6', 'Q47RJ7', 'F7IX06', 'E5BBQ2']",7
RVPT,VPTL,"['Q6A0I3', 'E9LVI0', 'G8GER6', 'E9LVH9', 'Q47RJ7', 'H6WX58', 'E5BBQ2']",7
VRVP,RVPT,"['Q6A0I3', 'E9LVI0', 'G8GER6', 'E9LVH9', 'Q47RJ7', 'H6WX58', 'E5BBQ2']",7
SVRV,VRVP,"['Q6A0I3', 'E9LVI0', 'G8GER6', 'E9LVH9', 'Q47RJ7', 'H6WX58', 'E5BBQ2']",7
SRLS,RLSA,"['E9LVI0', 'E9LVH7', 'Q6A0I4', 'E9LVH8', 'E0Z5H1', 'Q47RJ6', 'E5BBQ3']",7
NAAL,AALD,"['Q6A0I3', 'G8GER6', 'E9LVH9', 'Q47RJ7', 'F7IX06', 'E5BBQ2', 'D4Q9N1']",7
TAAA,AAAA,"['Q6A0I3', 'G8GER6', 'Q6A0I4', 'Q47RJ6', 'Q47RJ7', 'F7IX06', 'E5BBQ2']",7
RQLN,QLNA,"['Q6A0I3', 'G8GER6', 'E9LVH9', 'Q47RJ7', 'F7IX06', 'E5BBQ2', 'D4Q9N1']",7
DSRA,SRAR,"['Q6A0I3', 'G8GER6', 'E9LVH9', 'Q47RJ7', 'F7IX06', 'E5BBQ2', 'D4Q9N1']",7
SRAR,RARQ,"['Q6A0I3', 'G8GER6', 'E9LVH9', 'Q47RJ7', 'F7IX06', 'E5BBQ2', 'D4Q9N1']",7
RARQ,ARQL,"['Q6A0I3', 'G8GER6', 'E9LVH9', 'Q47RJ7', 'F7IX06', 'E5BBQ2', 'D4Q9N1']",7
ARQL,RQLN,"['Q6A0I3', 'G8GER6', 'E9LVH9', 'Q47RJ7', 'F7IX06', 'E5BBQ2', 'D4Q9N1']",7
LSAS,SASG,"['E9LVI0', 'E9LVH7', 'Q6A0I4', 'E9LVH8', 'E0Z5H1', 'Q47RJ6', 'E5BBQ3']",7
RLSA,LSAS,"['E9LVI0', 'E9LVH7', 'Q6A0I4', 'E9LVH8', 'E0Z5H1', 'Q47RJ6', 'E5BBQ3']",7
KPFY,PFYN,"['E9LVH7', 'Q6A0I4', 'E9LVH8', 'E0Z5H1', 'Q47RJ6', 'F7IX06', 'E5BBQ3']",7
SASG,ASGF,"['E9LVI0', 'E9LVH7', 'Q6A0I4', 'E9LVH8', 'E0Z5H1', 'Q47RJ6', 'E5BBQ3']",7
ASIA,SIAW,"['E9LVI0', 'E9LVH7', 'Q6A0I4', 'E9LVH8', 'E0Z5H1', 'Q47RJ6', 'E5BBQ3']",7
DSRA,SRAE,"['E9LVI0', 'E9LVH7', 'Q6A0I4', 'E9LVH8', 'E0Z5H1', 'Q47RJ6', 'E5BBQ3']",7
SRAE,RAEQ,"['E9LVI0', 'E9LVH7', 'Q6A0I4', 'E9LVH8', 'E0Z5H1', 'Q47RJ6', 'E5BBQ3']",7
RAEQ,AEQL,"['E9LVI0', 'E9LVH7', 'Q6A0I4', 'E9LVH8', 'E0Z5H1', 'Q47RJ6', 'E5BBQ3']",7
AEQL,EQLN,"['E9LVI0', 'E9LVH7', 'Q6A0I4', 'E9LVH8', 'E0Z5H1', 'Q47RJ6', 'E5BBQ3']",7
SLPS,LPSS,"['E9LVH7', 'Q6A0I4', 'E9LVH8', 'E0Z5H1', 'Q47RJ6', 'W0TJ64', 'E5BBQ3']",7
NAAL,AALN,"['E9LVI0', 'E9LVH7', 'Q6A0I4', 'E9LVH8', 'E0Z5H1', 'Q47RJ6', 'E5BBQ3']",7
AALN,ALNH,"['E9LVI0', 'E9LVH7', 'Q6A0I4', 'E9LVH8', 'E0Z5H1', 'Q47RJ6', 'E5BBQ3']",7
ALNH,LNHM,"['E9LVI0', 'E9LVH7', 'Q6A0I4', 'E9LVH8', 'E0Z5H1', 'Q47RJ6', 'E5BBQ3']",7
LNHM,NHMI,"['E9LVI0', 'E9LVH7', 'Q6A0I4', 'E9LVH8', 'E0Z5H1', 'Q47RJ6', 'E5BBQ3']",7
NHMI,HMIN,"['E9LVI0', 'E9LVH7', 'Q6A0I4', 'E9LVH8', 'E0Z5H1', 'Q47RJ6', 'E5BBQ3']",7
HMIN,MINR,"['E9LVI0', 'E9LVH7', 'Q6A0I4', 'E9LVH8', 'E0Z5H1', 'Q47RJ6', 'E5BBQ3']",7
MINR,INRA,"['E9LVI0', 'E9LVH7', 'Q6A0I4', 'E9LVH8', 'E0Z5H1', 'Q47RJ6', 'E5BBQ3']",7
INRA,NRAS,"['E9LVI0', 'E9LVH7', 'Q6A0I4', 'E9LVH8', 'E0Z5H1', 'Q47RJ6', 'E5BBQ3']",7
NRAS,RASS,"['E9LVI0', 'E9LVH7', 'Q6A0I4', 'E9LVH8', 'E0Z5H1', 'Q47RJ6', 'E5BBQ3']",7
RASS,ASST,"['E9LVI0', 'E9LVH7', 'Q6A0I4', 'E9LVH8', 'E0Z5H1', 'Q47RJ6', 'E5BBQ3']",7
ASST,SSTV,"['E9LVI0', 'E9LVH7', 'Q6A0I4', 'E9LVH8', 'E0Z5H1', 'Q47RJ6', 'E5BBQ3']",7
SSTV,STVR,"['E9LVI0', 'E9LVH7', 'Q6A0I4', 'E9LVH8', 'E0Z5H1', 'Q47RJ6', 'E5BBQ3']",7
STVR,TVRS,"['E9LVI0', 'E9LVH7', 'Q6A0I4', 'E9LVH8', 'E0Z5H1', 'Q47RJ6', 'E5BBQ3']",7
TVRS,VRSR,"['E9LVI0', 'E9LVH7', 'Q6A0I4', 'E9LVH8', 'E0Z5H1', 'Q47RJ6', 'E5BBQ3']",7
SSVT,SVTV,"['E9LVH7', 'A0A0K8P6T7', 'Q6A0I4', 'E9LVH8', 'E0Z5H1', 'Q47RJ6', 'E5BBQ3']",7
EQLN,QLNA,"['E9LVI0', 'E9LVH7', 'Q6A0I4', 'E9LVH8', 'E0Z5H1', 'Q47RJ6', 'E5BBQ3']",7
EASI,ASIA,"['E9LVI0', 'E9LVH7', 'Q6A0I4', 'E9LVH8', 'E0Z5H1', 'Q47RJ6', 'E5BBQ3']",7
HAKP,AKPF,"['E9LVH7', 'Q6A0I4', 'E9LVH8', 'E0Z5H1', 'Q47RJ6', 'W0TJ64', 'E5BBQ3']",7
YTGT,TGTE,"['E9LVI0', 'E9LVH7', 'Q6A0I4', 'E9LVH8', 'E0Z5H1', 'Q47RJ6', 'E5BBQ3']",7
SVTV,VTVP,"['E9LVH7', 'A0A0K8P6T7', 'Q6A0I4', 'E9LVH8', 'E0Z5H1', 'Q47RJ6', 'E5BBQ3']",7
VTVP,TVPT,"['E9LVH7', 'A0A0K8P6T7', 'Q6A0I4', 'E9LVH8', 'E0Z5H1', 'Q47RJ6', 'E5BBQ3']",7
IAPV,APVA,"['E9LVH7', 'Q6A0I4', 'E9LVH8', 'E0Z5H1', 'D1A9G5', 'Q47RJ6', 'E5BBQ3']",7
TGTE,GTEA,"['E9LVI0', 'E9LVH7', 'Q6A0I4', 'E9LVH8', 'E0Z5H1', 'Q47RJ6', 'E5BBQ3']",7
THAK,HAKP,"['E9LVH7', 'Q6A0I4', 'E9LVH8', 'E0Z5H1', 'Q47RJ6', 'W0TJ64', 'E5BBQ3']",7
AKPF,KPFY,"['E9LVH7', 'Q6A0I4', 'E9LVH8', 'E0Z5H1', 'Q47RJ6', 'W0TJ64', 'E5BBQ3']",7
GTEA,TEAS,"['E9LVI0', 'E9LVH7', 'Q6A0I4', 'E9LVH8', 'E0Z5H1', 'Q47RJ6', 'E5BBQ3']",7
PSSI,SSIS,"['E9LVH7', 'Q6A0I4', 'E9LVH8', 'E0Z5H1', 'Q47RJ6', 'E5BBQ3']",6
ATHA,THAK,"['E9LVH7', 'Q6A0I4', 'E9LVH8', 'E0Z5H1', 'Q47RJ6', 'E5BBQ3']",6
VATH,ATHA,"['E9LVH7', 'Q6A0I4', 'E9LVH8', 'E0Z5H1', 'Q47RJ6', 'E5BBQ3']",6
NSLP,SLPS,"['E9LVH7', 'Q6A0I4', 'E9LVH8', 'E0Z5H1', 'Q47RJ6', 'E5BBQ3']",6
SSLL,SLLS,"['Q6A0I3', 'G8GER6', 'Q6A0I4', 'Q47RJ6', 'Q47RJ7', 'E5BBQ2']",6
RSSL,SSLL,"['Q6A0I3', 'G8GER6', 'Q6A0I4', 'Q47RJ6', 'Q47RJ7', 'E5BBQ2']",6
ERSS,RSSL,"['Q6A0I3', 'G8GER6', 'Q6A0I4', 'Q47RJ6', 'Q47RJ7', 'E5BBQ2']",6
RERS,ERSS,"['Q6A0I3', 'G8GER6', 'Q6A0I4', 'Q47RJ6', 'Q47RJ7', 'E5BBQ2']",6
LPSS,PSSI,"['E9LVH7', 'Q6A0I4', 'E9LVH8', 'E0Z5H1', 'Q47RJ6', 'E5BBQ3']",6
SSIS,SISK,"['E9LVH7', 'Q6A0I4', 'E9LVH8', 'E0Z5H1', 'Q47RJ6', 'E5BBQ3']",6
AATA,ATAL,"['Q6A0I3', 'G8GER6', 'Q6A0I4', 'Q47RJ6', 'Q47RJ7', 'E5BBQ2']",6
ATAL,TALV,"['Q6A0I3', 'G8GER6', 'Q6A0I4', 'Q47RJ6', 'Q47RJ7', 'E5BBQ2']",6
TALV,ALVT,"['Q6A0I3', 'G8GER6', 'Q6A0I4', 'Q47RJ6', 'Q47RJ7', 'E5BBQ2']",6
ALVT,LVTA,"['Q6A0I3', 'G8GER6', 'Q6A0I4', 'Q47RJ6', 'Q47RJ7', 'E5BBQ2']",6
LVTA,VTAV,"['Q6A0I3', 'G8GER6', 'Q6A0I4', 'Q47RJ6', 'Q47RJ7', 'E5BBQ2']",6
VTAV,TAVS,"['Q6A0I3', 'G8GER6', 'Q6A0I4', 'Q47RJ6', 'Q47RJ7', 'E5BBQ2']",6
TAVS,AVSL,"['Q6A0I3', 'G8GER6', 'Q6A0I4', 'Q47RJ6', 'Q47RJ7', 'E5BBQ2']",6
AVSL,VSLA,"['Q6A0I3', 'G8GER6', 'Q6A0I4', 'Q47RJ6', 'Q47RJ7', 'E5BBQ2']",6
VSLA,SLAA,"['Q6A0I3', 'G8GER6', 'Q6A0I4', 'Q47RJ6', 'Q47RJ7', 'E5BBQ2']",6
SLAA,LAAP,"['Q6A0I3', 'G8GER6', 'Q6A0I4', 'Q47RJ6', 'Q47RJ7', 'E5BBQ2']",6
HAAN,AANP,"['Q6A0I3', 'G8GER6', 'Q6A0I4', 'Q47RJ6', 'Q47RJ7', 'E5BBQ2']",6
AHAA,HAAN,"['Q6A0I3', 'G8GER6', 'Q6A0I4', 'Q47RJ6', 'Q47RJ7', 'E5BBQ2']",6
PAHA,AHAA,"['Q6A0I3', 'G8GER6', 'Q6A0I4', 'Q47RJ6', 'Q47RJ7', 'E5BBQ2']",6
APAH,PAHA,"['Q6A0I3', 'G8GER6', 'Q6A0I4', 'Q47RJ6', 'Q47RJ7', 'E5BBQ2']",6
AAPA,APAH,"['Q6A0I3', 'G8GER6', 'Q6A0I4', 'Q47RJ6', 'Q47RJ7', 'E5BBQ2']",6
PRRE,RRER,"['Q6A0I3', 'G8GER6', 'Q6A0I4', 'Q47RJ6', 'Q47RJ7', 'E5BBQ2']",6
RRER,RERS,"['Q6A0I3', 'G8GER6', 'Q6A0I4', 'Q47RJ6', 'Q47RJ7', 'E5BBQ2']",6
THAR,HARP,"['Q6A0I3', 'E9LVI0', 'G8GER6', 'E9LVH9', 'Q47RJ7', 'E5BBQ2']",6
ARPF,RPFY,"['Q6A0I3', 'E9LVI0', 'G8GER6', 'E9LVH9', 'Q47RJ7', 'E5BBQ2']",6
DGFG,GFGG,"['Q6A0I3', 'G8GER6', 'E9LVH9', 'Q47RJ7', 'F7IX06', 'D4Q9N1']",6
SSVR,SVRV,"['Q6A0I3', 'E9LVI0', 'G8GER6', 'E9LVH9', 'Q47RJ7', 'E5BBQ2']",6
TSIS,SISK,"['Q6A0I3', 'E9LVI0', 'G8GER6', 'E9LVH9', 'Q47RJ7', 'E5BBQ2']",6
PTSI,TSIS,"['Q6A0I3', 'E9LVI0', 'G8GER6', 'E9LVH9', 'Q47RJ7', 'E5BBQ2']",6
LPTS,PTSI,"['Q6A0I3', 'E9LVI0', 'G8GER6', 'E9LVH9', 'Q47RJ7', 'E5BBQ2']",6
SLPT,LPTS,"['Q6A0I3', 'E9LVI0', 'G8GER6', 'E9LVH9', 'Q47RJ7', 'E5BBQ2']",6
NSLP,SLPT,"['Q6A0I3', 'E9LVI0', 'G8GER6', 'E9LVH9', 'Q47RJ7', 'E5BBQ2']",6
RPFY,PFYN,"['Q6A0I3', 'E9LVI0', 'G8GER6', 'E9LVH9', 'Q47RJ7', 'E5BBQ2']",6
HARP,ARPF,"['Q6A0I3', 'E9LVI0', 'G8GER6', 'E9LVH9', 'Q47RJ7', 'E5BBQ2']",6
GADG,ADGF,"['Q6A0I3', 'G8GER6', 'E9LVH9', 'Q47RJ7', 'F7IX06', 'D4Q9N1']",6
LTHA,THAR,"['Q6A0I3', 'E9LVI0', 'G8GER6', 'E9LVH9', 'Q47RJ7', 'E5BBQ2']",6
VLTH,LTHA,"['Q6A0I3', 'E9LVI0', 'G8GER6', 'E9LVH9', 'Q47RJ7', 'E5BBQ2']",6
DASS,ASSA,"['Q6A0I3', 'G8GER6', 'E9LVH9', 'Q47RJ7', 'F7IX06', 'E5BBQ2']",6
ASSA,SSAV,"['Q6A0I3', 'G8GER6', 'E9LVH9', 'Q47RJ7', 'F7IX06', 'E5BBQ2']",6
SSAV,SAVR,"['Q6A0I3', 'G8GER6', 'E9LVH9', 'Q47RJ7', 'F7IX06', 'E5BBQ2']",6
PVLT,VLTH,"['Q6A0I3', 'E9LVI0', 'G8GER6', 'E9LVH9', 'Q47RJ7', 'E5BBQ2']",6
APVL,PVLT,"['Q6A0I3', 'E9LVI0', 'G8GER6', 'E9LVH9', 'Q47RJ7', 'E5BBQ2']",6
IAPV,APVL,"['Q6A0I3', 'E9LVI0', 'G8GER6', 'E9LVH9', 'Q47RJ7', 'E5BBQ2']",6
ADGF,DGFG,"['Q6A0I3', 'G8GER6', 'E9LVH9', 'Q47RJ7', 'F7IX06', 'D4Q9N1']",6
WSSV,SSVR,"['Q6A0I3', 'E9LVI0', 'G8GER6', 'E9LVH9', 'Q47RJ7', 'E5BBQ2']",6
VSEE,SEER,"['Q6A0I3', 'G8GER6', 'E9LVH9', 'Q47RJ7', 'F7IX06', 'D4Q9N1']",6
SEER,EERA,"['Q6A0I3', 'G8GER6', 'E9LVH9', 'Q47RJ7', 'F7IX06', 'D4Q9N1']",6
EERA,ERAS,"['Q6A0I3', 'G8GER6', 'E9LVH9', 'Q47RJ7', 'F7IX06', 'D4Q9N1']",6
ERAS,RASR,"['Q6A0I3', 'G8GER6', 'E9LVH9', 'Q47RJ7', 'F7IX06', 'D4Q9N1']",6
FGAD,GADG,"['Q6A0I3', 'F7IX06', 'Q47RJ7', 'E9LVH9', 'G8GER6']",5
GAIA,AIAI,"['D1A9G5', 'F7IX06', 'D1A2H1', 'A0A0K8P6T7', 'D4Q9N1']",5
MANP,ANPY,"['E9LVI0', 'E9LVH8', 'E9LVH9', 'E9LVH7', 'H6WX58']",5
AVRS,VRSR,"['Q6A0I3', 'Q47RJ7', 'E9LVH9', 'E5BBQ2', 'G8GER6']",5
SAVR,AVRS,"['Q6A0I3', 'Q47RJ7', 'E9LVH9', 'E5BBQ2', 'G8GER6']",5
SLKA,LKAA,"['D1A9G5', 'Q56008', 'G9BY57', 'A0A0K8P6T7', 'D1A2H1']",5
IYYP,YYPT,"['D1A9G5', 'Q56008', 'G9BY57', 'H6WX58', 'D1A2H1']",5
RASR,ASRF,"['Q6A0I3', 'F7IX06', 'Q47RJ7', 'E9LVH9', 'G8GER6']",5
RFGA,FGAD,"['Q6A0I3', 'F7IX06', 'Q47RJ7', 'E9LVH9', 'G8GER6']",5
NDAS,DASS,"['Q6A0I3', 'Q47RJ7', 'E9LVH9', 'E5BBQ2', 'G8GER6']",5
ASRF,SRFG,"['Q6A0I3', 'F7IX06', 'Q47RJ7', 'E9LVH9', 'G8GER6']",5
VAWL,AWLG,"['Q6A0I3', 'Q47RJ7', 'E9LVH9', 'E5BBQ2', 'G8GER6']",5
QASV,ASVA,"['Q6A0I3', 'Q47RJ7', 'E9LVH9', 'E5BBQ2', 'G8GER6']",5
INDA,NDAS,"['Q6A0I3', 'Q47RJ7', 'E9LVH9', 'E5BBQ2', 'G8GER6']",5
MIND,INDA,"['Q6A0I3', 'Q47RJ7', 'E9LVH9', 'E5BBQ2', 'G8GER6']",5
YMIN,MIND,"['Q6A0I3', 'Q47RJ7', 'E9LVH9', 'E5BBQ2', 'G8GER6']",5
DYMI,YMIN,"['Q6A0I3', 'Q47RJ7', 'E9LVH9', 'E5BBQ2', 'G8GER6']",5
LDYM,DYMI,"['Q6A0I3', 'Q47RJ7', 'E9LVH9', 'E5BBQ2', 'G8GER6']",5
ASVA,SVAW,"['Q6A0I3', 'Q47RJ7', 'E9LVH9', 'E5BBQ2', 'G8GER6']",5
SRFG,RFGA,"['Q6A0I3', 'F7IX06', 'Q47RJ7', 'E9LVH9', 'G8GER6']",5
WSSV,SSVT,"['Q47RJ6', 'E0Z5H1', 'E5BBQ3', 'E9LVH8', 'Q6A0I4']",5
TGTQ,GTQA,"['Q6A0I3', 'Q47RJ7', 'E9LVH9', 'E5BBQ2', 'G8GER6']",5
GTQA,TQAS,"['Q6A0I3', 'Q47RJ7', 'E9LVH9', 'E5BBQ2', 'G8GER6']",5
TQAS,QASV,"['Q6A0I3', 'Q47RJ7', 'E9LVH9', 'E5BBQ2', 'G8GER6']",5
DKAY,KAYL,"['Q56008', 'F7IX06', 'H6WX58', 'D4Q9N1']",4
GTFG,TFGA,"['D1A9G5', 'Q56008', 'W0TJ64', 'D1A2H1']",4
RLAS,LASH,"['D1A9G5', 'G9BY57', 'H6WX58', 'A0A0K8P6T7']",4
PAQA,AQAA,"['D1A9G5', 'F7IX06', 'D1A2H1', 'D4Q9N1']",4
LASH,ASHG,"['D1A9G5', 'G9BY57', 'H6WX58', 'A0A0K8P6T7']",4
ASRL,SRLA,"['D1A9G5', 'F7IX06', 'D1A2H1', 'D4Q9N1']",4
DASR,ASRL,"['D1A9G5', 'F7IX06', 'D1A2H1', 'D4Q9N1']",4
VMTP,MTPR,"['Q6A0I3', 'Q47RJ6', 'E5BBQ2', 'Q6A0I4']",4
PRLA,RLAS,"['D1A9G5', 'Q56008', 'E9LVH7', 'A0A0K8P6T7']",4
AIAI,IAIS,"['D1A9G5', 'F7IX06', 'D1A2H1', 'D4Q9N1']",4
IAIS,AISP,"['D1A9G5', 'F7IX06', 'D1A2H1', 'D4Q9N1']",4
AVMT,VMTP,"['Q6A0I3', 'Q47RJ6', 'E5BBQ2', 'Q6A0I4']",4
SLRL,LRLA,"['Q6A0I3', 'E9LVI0', 'E5BBQ3', 'E5BBQ2']",4
EASS,ASSG,"['E9LVH7', 'Q47RJ6', 'E9LVH8', 'Q6A0I4']",4
MTPR,TPRR,"['Q6A0I3', 'Q47RJ6', 'E5BBQ2', 'Q6A0I4']",4
MAVM,AVMT,"['Q6A0I3', 'Q47RJ6', 'E5BBQ2', 'Q6A0I4']",4
SRAL,RALR,"['Q6A0I3', 'F7IX06', 'Q47RJ7', 'G8GER6']",4
GSLR,SLRL,"['Q6A0I3', 'E9LVI0', 'E5BBQ3', 'E5BBQ2']",4
LLEA,LEAS,"['E9LVH7', 'Q47RJ6', 'E9LVH8', 'Q6A0I4']",4
LEAS,EASS,"['E9LVH7', 'Q47RJ6', 'E9LVH8', 'Q6A0I4']",4
PGFT,GFTA,"['D1A9G5', 'Q56008', 'W0TJ64', 'D1A2H1']",4
ASSG,SSGP,"['E9LVH7', 'Q47RJ6', 'E9LVH8', 'Q6A0I4']",4
GGSL,GSLR,"['Q6A0I3', 'E9LVI0', 'E5BBQ3', 'E5BBQ2']",4
ALDY,LDYL,"['D1A9G5', 'Q56008', 'W0TJ64', 'D1A2H1']",4
SSGP,SGPF,"['E9LVH7', 'Q47RJ6', 'E9LVH8', 'Q6A0I4']",4
LLAA,LAAL,"['D1A9G5', 'W0TJ64', 'D1A2H1']",3
LAAL,AALD,"['D1A9G5', 'W0TJ64', 'D1A2H1']",3
LRFT,RFTA,"['Q6A0I3', 'Q47RJ7', 'G8GER6']",3
ALRF,LRFT,"['Q6A0I3', 'Q47RJ7', 'G8GER6']",3
PNIT,NITN,"['F7IX06', 'D1A2H1', 'D4Q9N1']",3
RFVD,FVDE,"['F7IX06', 'W0TJ64', 'D4Q9N1']",3
FVDE,VDED,"['F7IX06', 'W0TJ64', 'D4Q9N1']",3
VDED,DEDT,"['F7IX06', 'W0TJ64', 'D4Q9N1']",3
DEDT,EDTR,"['F7IX06', 'W0TJ64', 'D4Q9N1']",3
EDTR,DTRY,"['F7IX06', 'W0TJ64', 'D4Q9N1']",3
TGLL,GLLS,"['F7IX06', 'D1A2H1', 'D4Q9N1']",3
PYQR,YQRG,"['D1A9G5', 'G9BY57', 'D1A2H1']",3
NPYQ,PYQR,"['D1A9G5', 'G9BY57', 'D1A2H1']",3
GLLS,LLSD,"['F7IX06', 'D1A2H1', 'D4Q9N1']",3
RALR,ALRF,"['Q6A0I3', 'Q47RJ7', 'G8GER6']",3
IIGA,IGAE,"['F7IX06', 'H6WX58', 'W0TJ64']",3
LDKT,DKTW,"['D1A9G5', 'W0TJ64', 'D1A2H1']",3
RNRI,NRID,"['F7IX06', 'H6WX58', 'D4Q9N1']",3
SPGF,PGFT,"['D1A9G5', 'Q56008', 'D1A2H1']",3
WNLD,NLDK,"['D1A9G5', 'W0TJ64', 'D1A2H1']",3
PWNL,WNLD,"['D1A9G5', 'W0TJ64', 'D1A2H1']",3
DTIA,TIAS,"['F7IX06', 'H6WX58', 'W0TJ64']",3
TIAS,IASV,"['F7IX06', 'H6WX58', 'W0TJ64']",3
RLSV,LSVS,"['D1A9G5', 'G9BY57', 'D1A2H1']",3
ASHF,SHFA,"['F7IX06', 'G9BY57', 'H6WX58']",3
SHFA,HFAP,"['F7IX06', 'G9BY57', 'H6WX58']",3
ISPG,SPGF,"['D1A9G5', 'Q56008', 'D1A2H1']",3
QLLA,LLAA,"['D1A9G5', 'W0TJ64', 'D1A2H1']",3
TFGA,FGAV,"['Q56008', 'H6WX58', 'W0TJ64']",3
NLDK,LDKT,"['D1A9G5', 'W0TJ64', 'D1A2H1']",3
VRNR,RNRI,"['F7IX06', 'H6WX58', 'D4Q9N1']",3
SVRN,VRNR,"['D1A9G5', 'H6WX58', 'D4Q9N1']",3
YQRG,QRGP,"['D1A9G5', 'G9BY57', 'D1A2H1']",3
LSVS,SVSG,"['D1A9G5', 'G9BY57', 'D1A2H1']",3
SVSG,VSGF,"['D1A9G5', 'G9BY57', 'D1A2H1']",3
VSGF,SGFG,"['D1A9G5', 'G9BY57', 'D1A2H1']",3
PSLK,SLKA,"['G9BY57', 'A0A0K8P6T7', 'W0TJ64']",3
AAAN,AANP,"['D1A9G5', 'Q56008', 'D1A2H1']",3
MPPH,PPHA,"['Q47RJ7', 'E5BBQ2', 'G8GER6']",3
PPHA,PHAA,"['Q47RJ7', 'E5BBQ2', 'G8GER6']",3
PHAA,HAAR,"['Q47RJ7', 'E5BBQ2', 'G8GER6']",3
HAAR,AARP,"['Q47RJ7', 'E5BBQ2', 'G8GER6']",3
AARP,ARPG,"['Q47RJ7', 'E5BBQ2', 'G8GER6']",3
ARPG,RPGP,"['Q47RJ7', 'E5BBQ2', 'G8GER6']",3
RPGP,PGPA,"['Q47RJ7', 'E5BBQ2', 'G8GER6']",3
PGPA,GPAQ,"['Q47RJ7', 'E5BBQ2', 'G8GER6']",3
GPAQ,PAQN,"['Q47RJ7', 'E5BBQ2', 'G8GER6']",3
PAQN,AQNR,"['Q47RJ7', 'E5BBQ2', 'G8GER6']",3
AQNR,QNRR,"['Q47RJ7', 'E5BBQ2', 'G8GER6']",3
QNRR,NRRG,"['Q47RJ7', 'E5BBQ2', 'G8GER6']",3
WMKR,MKRF,"['D1A9G5', 'A0A0K8P6T7', 'D1A2H1']",3
AQAA,QAAA,"['D1A9G5', 'Q56008', 'D1A2H1']",3
PNPT,NPTE,"['F7IX06', 'D1A2H1', 'D4Q9N1']",3
AGHS,GHSM,"['D1A9G5', 'G9BY57', 'D1A2H1']",3
VAGH,AGHS,"['D1A9G5', 'G9BY57', 'D1A2H1']",3
AVAG,VAGH,"['D1A9G5', 'G9BY57', 'D1A2H1']",3
RLAV,LAVA,"['D1A9G5', 'G9BY57', 'D1A2H1']",3
TGTQ,GTQS,"['F7IX06', 'H6WX58', 'D4Q9N1']",3
FTAA,TAAA,"['Q6A0I3', 'Q47RJ7', 'G8GER6']",3
GTQS,TQSS,"['F7IX06', 'H6WX58', 'D4Q9N1']",3
SRLS,RLSV,"['D1A9G5', 'G9BY57', 'D1A2H1']",3
RFTA,FTAA,"['Q6A0I3', 'Q47RJ7', 'G8GER6']",3
TQSS,QSSI,"['F7IX06', 'H6WX58', 'D4Q9N1']",3
LAVA,AVAG,"['D1A9G5', 'G9BY57', 'D1A2H1']",3
KTWP,TWPE,"['D1A9G5', 'Q56008', 'D1A2H1']",3
RTPT,TPTL,"['D1A9G5', 'Q56008', 'D1A2H1']",3
GPRL,PRLA,"['D1A9G5', 'Q56008', 'A0A0K8P6T7']",3
GGSL,GSLE,"['Q56008', 'W0TJ64', 'D1A2H1']",3
ASQG,SQGF,"['Q56008', 'W0TJ64', 'D1A2H1']",3
GSLE,SLEA,"['Q56008', 'W0TJ64', 'D1A2H1']",3
LEAA,EAAK,"['D1A9G5', 'Q56008', 'D1A2H1']",3
ALQV,LQVT,"['Q47RJ6', 'E5BBQ2', 'Q6A0I4']",3
GRQL,RQLL,"['D1A9G5', 'Q56008', 'W0TJ64']",3
DKTW,KTWP,"['D1A9G5', 'Q56008', 'D1A2H1']",3
NASH,ASHF,"['D1A9G5', 'G9BY57', 'D1A2H1']",3
SRAL,RALQ,"['Q47RJ6', 'E5BBQ2', 'Q6A0I4']",3
RGRQ,GRQL,"['D1A9G5', 'Q56008', 'W0TJ64']",3
TTIA,TIAK,"['Q56008', 'H6WX58', 'W0TJ64']",3
TIAK,IAKY,"['Q56008', 'H6WX58', 'W0TJ64']",3
LQVT,QVTA,"['Q47RJ6', 'E5BBQ2', 'Q6A0I4']",3
QVTA,VTAA,"['Q47RJ6', 'E5BBQ2', 'Q6A0I4']",3
VTAA,TAAA,"['Q47RJ6', 'E5BBQ2', 'Q6A0I4']",3
TSLK,SLKA,"['D1A9G5', 'Q56008', 'D1A2H1']",3
RTSL,TSLK,"['D1A9G5', 'Q56008', 'D1A2H1']",3
SWLK,WLKR,"['Q56008', 'H6WX58', 'W0TJ64']",3
RALQ,ALQV,"['Q47RJ6', 'E5BBQ2', 'Q6A0I4']",3
GASH,ASHF,"['Q56008', 'F7IX06', 'H6WX58']",3
QSSI,SSIA,"['Q56008', 'F7IX06', 'D4Q9N1']",3
VATH,ATHS,"['D1A9G5', 'Q56008', 'D1A2H1']",3
LTQR,TQRS,"['D1A9G5', 'Q56008', 'D1A2H1']",3
YLTQ,LTQR,"['D1A9G5', 'Q56008', 'D1A2H1']",3
DYLT,YLTQ,"['D1A9G5', 'Q56008', 'D1A2H1']",3
LDYL,DYLT,"['D1A9G5', 'Q56008', 'D1A2H1']",3
KRFI,RFID,"['D1A9G5', 'Q56008', 'D1A2H1']",3
ISWL,SWLK,"['Q56008', 'H6WX58', 'W0TJ64']",3
SSIA,SIAW,"['Q56008', 'F7IX06', 'D4Q9N1']",3
DDTR,DTRY,"['D1A9G5', 'H6WX58', 'D1A2H1']",3
DDDT,DDTR,"['D1A9G5', 'H6WX58', 'D1A2H1']",3
LDYM,DYML,"['F7IX06', 'D4Q9N1']",2
DYML,YMLT,"['F7IX06', 'D4Q9N1']",2
TDAS,DASS,"['F7IX06', 'D4Q9N1']",2
LTDA,TDAS,"['F7IX06', 'D4Q9N1']",2
YMLT,MLTD,"['F7IX06', 'D4Q9N1']",2
IAID,AIDT,"['F7IX06', 'D4Q9N1']",2
VIAI,IAID,"['F7IX06', 'D4Q9N1']",2
VVIA,VIAI,"['F7IX06', 'D4Q9N1']",2
MLTD,LTDA,"['F7IX06', 'D4Q9N1']",2
AIDT,IDTN,"['F7IX06', 'D4Q9N1']",2
GFTA,FTAY,"['Q56008', 'D1A2H1']",2
SSVR,SVRN,"['D1A9G5', 'D4Q9N1']",2
NRID,RIDA,"['F7IX06', 'D4Q9N1']",2
FYNS,YNSI,"['F7IX06', 'D4Q9N1']",2
EPFY,PFYN,"['H6WX58', 'D4Q9N1']",2
SEPF,EPFY,"['H6WX58', 'D4Q9N1']",2
HSEP,SEPF,"['H6WX58', 'D4Q9N1']",2
SHSE,HSEP,"['H6WX58', 'D4Q9N1']",2
SHFF,HFFP,"['D1A9G5', 'D1A2H1']",2
ITVP,TVPT,"['F7IX06', 'D4Q9N1']",2
DITV,ITVP,"['F7IX06', 'D4Q9N1']",2
RDIT,DITV,"['F7IX06', 'D4Q9N1']",2
WRDI,RDIT,"['F7IX06', 'D4Q9N1']",2
SWRD,WRDI,"['F7IX06', 'D4Q9N1']",2
KSWR,SWRD,"['F7IX06', 'D4Q9N1']",2
NKSW,KSWR,"['F7IX06', 'D4Q9N1']",2
LNKS,NKSW,"['F7IX06', 'D4Q9N1']",2
HLNK,LNKS,"['F7IX06', 'D4Q9N1']",2
IDAS,DASR,"['F7IX06', 'D4Q9N1']",2
RIDA,IDAS,"['F7IX06', 'D4Q9N1']",2
FVVI,VVIA,"['F7IX06', 'D4Q9N1']",2
PTES,TESM,"['F7IX06', 'D4Q9N1']",2
YGAI,GAIA,"['F7IX06', 'D4Q9N1']",2
FIDD,IDDD,"['D1A9G5', 'D1A2H1']",2
TTPR,TPRR,"['F7IX06', 'D4Q9N1']",2
VTTP,TTPR,"['F7IX06', 'D4Q9N1']",2
SVTT,VTTP,"['F7IX06', 'D4Q9N1']",2
MSVT,SVTT,"['F7IX06', 'D4Q9N1']",2
ITPR,TPRR,"['Q47RJ7', 'G8GER6']",2
AVIT,VITP,"['Q47RJ7', 'G8GER6']",2
MAVI,AVIT,"['Q47RJ7', 'G8GER6']",2
AMAV,MAVI,"['Q47RJ7', 'G8GER6']",2
RAMA,AMAV,"['Q47RJ7', 'G8GER6']",2
GRAM,RAMA,"['Q47RJ7', 'G8GER6']",2
RGRA,GRAM,"['Q47RJ7', 'G8GER6']",2
RRGR,RGRA,"['Q47RJ7', 'G8GER6']",2
NRRG,RRGR,"['Q47RJ7', 'G8GER6']",2
ISWM,SWMK,"['D1A9G5', 'G9BY57']",2
DTVA,TVAP,"['Q56008', 'G9BY57']",2
TVAP,VAPV,"['Q56008', 'G9BY57']",2
VAPV,APVA,"['Q56008', 'D1A2H1']",2
IDDD,DDDT,"['D1A9G5', 'D1A2H1']",2
RFID,FIDD,"['D1A9G5', 'D1A2H1']",2
TYGA,YGAI,"['F7IX06', 'D4Q9N1']",2
MKRF,KRFI,"['D1A9G5', 'D1A2H1']",2
SRLG,RLGA,"['E5BBQ2', 'D4Q9N1']",2
RASR,ASRL,"['A0A0K8P6T7', 'D4Q9N1']",2
MLEA,LEAR,"['F7IX06', 'D4Q9N1']",2
SMLE,MLEA,"['F7IX06', 'D4Q9N1']",2
ESML,SMLE,"['F7IX06', 'D4Q9N1']",2
TESM,ESML,"['F7IX06', 'D4Q9N1']",2
NSIP,SIPS,"['F7IX06', 'D4Q9N1']",2
NPTE,PTES,"['F7IX06', 'D4Q9N1']",2
QAAN,AANP,"['F7IX06', 'D4Q9N1']",2
AQAA,QAAN,"['F7IX06', 'D4Q9N1']",2
APAQ,PAQA,"['F7IX06', 'D4Q9N1']",2
AAPA,APAQ,"['F7IX06', 'D4Q9N1']",2
ALAA,LAAP,"['F7IX06', 'D4Q9N1']",2
VALA,ALAA,"['F7IX06', 'D4Q9N1']",2
TVAL,VALA,"['F7IX06', 'D4Q9N1']",2
ATVA,TVAL,"['F7IX06', 'D4Q9N1']",2
AVAV,VAVA,"['W0TJ64', 'D4Q9N1']",2
YNSI,NSIP,"['F7IX06', 'D4Q9N1']",2
ITNK,TNKT,"['F7IX06', 'D4Q9N1']",2
ASHF,SHFF,"['D1A9G5', 'D1A2H1']",2
PDPT,DPTE,"['D1A9G5', 'W0TJ64']",2
SDVE,DVEE,"['F7IX06', 'H6WX58']",2
FGAV,GAVA,"['H6WX58', 'W0TJ64']",2
EAAK,AAKS,"['D1A9G5', 'Q56008']",2
AAKS,AKSR,"['D1A9G5', 'Q56008']",2
DGAS,GASH,"['F7IX06', 'H6WX58']",2
LDGA,DGAS,"['F7IX06', 'H6WX58']",2
RVDA,VDAS,"['D1A9G5', 'D1A2H1']",2
VDAS,DASR,"['D1A9G5', 'D1A2H1']",2
GPDP,PDPT,"['D1A9G5', 'W0TJ64']",2
EVRT,VRTP,"['D1A9G5', 'D1A2H1']",2
RGPD,GPDP,"['D1A9G5', 'W0TJ64']",2
AKSR,KSRT,"['D1A9G5', 'Q56008']",2
APWN,PWNL,"['D1A9G5', 'D1A2H1']",2
KSRT,SRTS,"['D1A9G5', 'Q56008']",2
SRTS,RTSL,"['D1A9G5', 'Q56008']",2
TWPE,WPEV,"['D1A9G5', 'D1A2H1']",2
EGTF,GTFG,"['W0TJ64', 'D1A2H1']",2
WPEV,PEVR,"['D1A9G5', 'D1A2H1']",2
DVEE,VEEY,"['F7IX06', 'H6WX58']",2
SLEA,LEAA,"['Q56008', 'D1A2H1']",2
RQLL,QLLA,"['D1A9G5', 'W0TJ64']",2
RLDQ,LDQP,"['D1A9G5', 'W0TJ64']",2
YYPT,YPTT,"['D1A9G5', 'D1A2H1']",2
YPTT,PTTT,"['D1A9G5', 'D1A2H1']",2
PTTT,TTTS,"['D1A9G5', 'D1A2H1']",2
TFGA,FGAI,"['D1A9G5', 'D1A2H1']",2
FGAI,GAIA,"['D1A9G5', 'D1A2H1']",2
GFTA,FTAS,"['D1A9G5', 'W0TJ64']",2
ARGP,RGPF,"['D1A9G5', 'D1A2H1']",2
AARG,ARGP,"['D1A9G5', 'D1A2H1']",2
FVVI,VVIG,"['D1A9G5', 'D1A2H1']",2
VVIG,VIGI,"['D1A9G5', 'D1A2H1']",2
VIGI,IGIE,"['D1A9G5', 'D1A2H1']",2
IGIE,GIET,"['D1A9G5', 'D1A2H1']",2
GIET,IETN,"['D1A9G5', 'D1A2H1']",2
IETN,ETNT,"['D1A9G5', 'D1A2H1']",2
TNTR,NTRL,"['D1A9G5', 'W0TJ64']",2
NTRL,TRLD,"['D1A9G5', 'W0TJ64']",2
TRLD,RLDQ,"['D1A9G5', 'W0TJ64']",2
PEVR,EVRT,"['D1A9G5', 'D1A2H1']",2
VRTP,RTPT,"['D1A9G5', 'D1A2H1']",2
EKAY,KAYL,"['D1A9G5', 'D1A2H1']",2
SKPF,KPFY,"['Q56008', 'F7IX06']",2
DNAS,NASH,"['G9BY57', 'D1A2H1']",2
MYSV,YSVA,"['F7IX06', 'D4Q9N1']",2
GMYS,MYSV,"['F7IX06', 'D4Q9N1']",2
IGMY,GMYS,"['F7IX06', 'D4Q9N1']",2
TIGM,IGMY,"['F7IX06', 'D4Q9N1']",2
KTIG,TIGM,"['F7IX06', 'D4Q9N1']",2
NKTI,KTIG,"['F7IX06', 'D4Q9N1']",2
TNKT,NKTI,"['F7IX06', 'D4Q9N1']",2
NITN,ITNK,"['F7IX06', 'D4Q9N1']",2
TPTL,PTLI,"['D1A9G5', 'D1A2H1']",2
TDKT,DKTW,"['Q56008', 'H6WX58']",2
APNI,PNIT,"['F7IX06', 'D4Q9N1']",2
SRAS,RASQ,"['G9BY57', 'H6WX58']",2
RASQ,ASQL,"['G9BY57', 'H6WX58']",2
ELNN,LNNA,"['D1A9G5', 'D4Q9N1']",2
LELN,ELNN,"['D1A9G5', 'D4Q9N1']",2
YLEL,LELN,"['D1A9G5', 'D4Q9N1']",2
TDKA,DKAY,"['F7IX06', 'D4Q9N1']",2
PGPR,GPRT,"['F7IX06', 'D4Q9N1']",2
GPRT,PRTG,"['F7IX06', 'D4Q9N1']",2
PRTG,RTGL,"['F7IX06', 'D4Q9N1']",2
RTGL,TGLL,"['F7IX06', 'D4Q9N1']",2
LIIG,IIGG,"['D1A9G5', 'D1A2H1']",2
IIGG,IGGE,"['D1A9G5', 'D1A2H1']",2
IGGE,GGEL,"['D1A9G5', 'D1A2H1']",2
GGEL,GELD,"['D1A9G5', 'D1A2H1']",2
ANPY,NPYQ,"['D1A9G5', 'D1A2H1']",2
DSIA,SIAP,"['D1A9G5', 'A0A0K8P6T7']",2
SIAP,IAPV,"['D1A9G5', 'A0A0K8P6T7']",2
ATHS,THSI,"['D1A9G5', 'D1A2H1']",2
THSI,HSIP,"['D1A9G5', 'D1A2H1']",2
HSIP,SIPF,"['D1A9G5', 'D1A2H1']",2
SIPF,IPFY,"['D1A9G5', 'D1A2H1']",2
IPFY,PFYN,"['D1A9G5', 'D1A2H1']",2
QAAA,AAAN,"['D1A9G5', 'D1A2H1']",2
DSRA,SRAS,"['G9BY57', 'H6WX58']",2
LLSD,LSDV,"['F7IX06', 'D4Q9N1']",2
ELDN,LDNA,"['G9BY57', 'D1A2H1']",2
LDNA,DNAS,"['G9BY57', 'D1A2H1']",2
HSKP,SKPF,"['Q56008', 'F7IX06']",2
VITP,ITPR,"['Q47RJ7', 'G8GER6']",2
KPFY,PFYE,"['Q56008', 'W0TJ64']",2
IASV,ASVR,"['H6WX58', 'W0TJ64']",2
WHTD,HTDK,"['G9BY57', 'H6WX58']",2
HTDK,TDKT,"['G9BY57', 'H6WX58']",2
DKTW,KTWG,"['H6WX58', 'W0TJ64']",2
DTRY,TRYS,"['A0A0K8P6T7', 'W0TJ64']",2
FSVA,SVAT,"['G9BY57', 'W0TJ64']",2
PFSV,FSVA,"['G9BY57', 'W0TJ64']",2
SDFR,DFRT,"['G9BY57', 'A0A0K8P6T7']",2
VFTI,FTID,"['Q56008', 'W0TJ64']",2
AWLG,WLGK,"['Q6A0I3', 'E5BBQ2']",2
KYSI,YSIS,"['Q56008', 'H6WX58']",2
WLGK,LGKR,"['Q6A0I3', 'E5BBQ2']",2
LGKR,GKRI,"['Q6A0I3', 'E5BBQ2']",2
GKRI,KRIA,"['Q6A0I3', 'E5BBQ2']",2
KRIA,RIAS,"['Q6A0I3', 'E5BBQ2']",2
QGFV,GFVV,"['Q56008', 'D1A2H1']",2
SQGF,QGFV,"['Q56008', 'D1A2H1']",2
LASQ,ASQG,"['Q56008', 'D1A2H1']",2
SISW,ISWL,"['Q56008', 'H6WX58']",2
PWHT,WHTD,"['G9BY57', 'H6WX58']",2
TPWH,PWHT,"['G9BY57', 'H6WX58']",2
FTID,TIDT,"['Q56008', 'W0TJ64']",2
PDSR,DSRG,"['D1A9G5', 'Q56008']",2
AAAA,AAAA,"['Q56008', 'D4Q9N1']",2
NRLA,RLAV,"['G9BY57', 'W0TJ64']",2
SSLA,SLAW,"['D1A9G5', 'G9BY57']",2
SLAW,LAWL,"['D1A9G5', 'G9BY57']",2
LAWL,AWLG,"['D1A9G5', 'G9BY57']",2
AWMK,WMKR,"['A0A0K8P6T7', 'D1A2H1']",2
PFYE,FYES,"['Q56008', 'W0TJ64']",2
NPSL,PSLK,"['G9BY57', 'A0A0K8P6T7']",2
RSSV,SSVR,"['D1A9G5', 'Q56008']",2
QRSS,RSSV,"['D1A9G5', 'Q56008']",2
TQRS,QRSS,"['D1A9G5', 'Q56008']",2
TCPH,CPHT,"['D1A9G5', 'Q56008']",2
FLCP,LCPP,"['D1A9G5', 'D1A2H1']",2
LCPP,CPPP,"['D1A9G5', 'D1A2H1']",2
TVSR,VSRL,"['G9BY57', 'D1A2H1']",2
SRGR,RGRQ,"['D1A9G5', 'Q56008']",2
DSRG,SRGR,"['D1A9G5', 'Q56008']",2
YSIS,SISW,"['Q56008', 'H6WX58']",2
PGYT,GYTA,"['G9BY57', 'A0A0K8P6T7']",2
AKYS,KYSI,"['Q56008', 'H6WX58']",2
FYES,YESL,"['Q56008', 'W0TJ64']",2
SLDK,LDKA,"['Q56008', 'H6WX58']",2
IAKY,AKYS,"['Q56008', 'H6WX58']",2
GSLD,SLDK,"['Q56008', 'H6WX58']",2
PGSL,GSLD,"['Q56008', 'H6WX58']",2
LPGS,PGSL,"['Q56008', 'H6WX58']",2
NTTI,TTIA,"['H6WX58', 'W0TJ64']",2
SLPG,LPGS,"['Q56008', 'H6WX58']",2
YESL,ESLP,"['Q56008', 'W0TJ64']",2
AWLG,WLGP,"['D1A9G5', 'Q56008']",2
LDKA,DKAY,"['Q56008', 'H6WX58']",2
QRGP,RGPN,"['G9BY57', 'D1A2H1']",2
LGPR,GPRL,"['D1A9G5', 'Q56008']",2
WLGP,LGPR,"['D1A9G5', 'Q56008']",2
AAPQ,APQA,['A0A0K8P6T7'],1
FACE,ACEN,['A0A0K8P6T7'],1
IFAC,FACE,['A0A0K8P6T7'],1
AAAP,AAPQ,['A0A0K8P6T7'],1
LIFA,IFAC,['A0A0K8P6T7'],1
TLIF,LIFA,['A0A0K8P6T7'],1
SHSC,HSCA,['A0A0K8P6T7'],1
GAGT,AGTV,['A0A0K8P6T7'],1
GGSH,GSHS,['A0A0K8P6T7'],1
APWD,PWDS,['A0A0K8P6T7'],1
APQA,PQAP,['A0A0K8P6T7'],1
AIVP,IVPG,['A0A0K8P6T7'],1
GTVY,TVYY,['A0A0K8P6T7'],1
ALPI,LPIY,['A0A0K8P6T7'],1
GSHS,SHSC,['A0A0K8P6T7'],1
HSCA,SCAN,['A0A0K8P6T7'],1
AGTV,GTVY,['A0A0K8P6T7'],1
SCAN,CANS,['A0A0K8P6T7'],1
GNSN,NSNQ,['A0A0K8P6T7'],1
SSAL,SALP,['A0A0K8P6T7'],1
STNF,TNFS,['A0A0K8P6T7'],1
NSNQ,SNQA,['A0A0K8P6T7'],1
TNFS,NFSS,['A0A0K8P6T7'],1
SGNS,GNSN,['A0A0K8P6T7'],1
NFSS,FSSV,['A0A0K8P6T7'],1
NSGN,SGNS,['A0A0K8P6T7'],1
SALP,ALPI,['A0A0K8P6T7'],1
ANSG,NSGN,['A0A0K8P6T7'],1
TVYY,VYYP,['A0A0K8P6T7'],1
IVPG,VPGY,['A0A0K8P6T7'],1
FSSV,SSVT,['A0A0K8P6T7'],1
PTLI,TLIF,['A0A0K8P6T7'],1
CANS,ANSG,['A0A0K8P6T7'],1
VPGY,PGYT,['A0A0K8P6T7'],1
VYYP,YYPT,['A0A0K8P6T7'],1
NGGS,GGSH,['A0A0K8P6T7'],1
ENDS,NDSI,['A0A0K8P6T7'],1
KQFL,QFLE,['A0A0K8P6T7'],1
AKQF,KQFL,['A0A0K8P6T7'],1
NAKQ,AKQF,['A0A0K8P6T7'],1
RNAK,NAKQ,['A0A0K8P6T7'],1
GYGA,YGAG,['A0A0K8P6T7'],1
SRNA,RNAK,['A0A0K8P6T7'],1
PIYD,IYDS,['A0A0K8P6T7'],1
CEND,ENDS,['A0A0K8P6T7'],1
NDSI,DSIA,['A0A0K8P6T7'],1
ACEN,CEND,['A0A0K8P6T7'],1
GTVG,TVGA,['A0A0K8P6T7'],1
IYDS,YDSM,['A0A0K8P6T7'],1
YDSM,DSMS,['A0A0K8P6T7'],1
AGGT,GGTV,['A0A0K8P6T7'],1
DSMS,SMSR,['A0A0K8P6T7'],1
GGTV,GTVG,['A0A0K8P6T7'],1
SMSR,MSRN,['A0A0K8P6T7'],1
MSRN,SRNA,['A0A0K8P6T7'],1
SNQA,NQAL,['A0A0K8P6T7'],1
TVGA,VGAI,['A0A0K8P6T7'],1
VGAI,GAIA,['A0A0K8P6T7'],1
AIAI,IAIV,['A0A0K8P6T7'],1
QAPW,APWD,['A0A0K8P6T7'],1
PQAP,QAPW,['A0A0K8P6T7'],1
YYPT,YPTN,['A0A0K8P6T7'],1
YPTN,PTNA,['A0A0K8P6T7'],1
VNSS,NSSA,['A0A0K8P6T7'],1
PVNS,VNSS,['A0A0K8P6T7'],1
INGG,NGGS,['A0A0K8P6T7'],1
EING,INGG,['A0A0K8P6T7'],1
LEIN,EING,['A0A0K8P6T7'],1
APVN,PVNS,['A0A0K8P6T7'],1
PTNA,TNAG,['A0A0K8P6T7'],1
TNAG,NAGG,['A0A0K8P6T7'],1
FLEI,LEIN,['A0A0K8P6T7'],1
LPIY,PIYD,['A0A0K8P6T7'],1
IAPV,APVN,['A0A0K8P6T7'],1
NAGG,AGGT,['A0A0K8P6T7'],1
IAIV,AIVP,['A0A0K8P6T7'],1
QFLE,FLEI,['A0A0K8P6T7'],1
YTAR,TARQ,['A0A0K8P6T7'],1
NQAL,QALI,['A0A0K8P6T7'],1
SPIY,PIYG,['A0A0K8P6T7'],1
LDQP,DQPS,['A0A0K8P6T7'],1
STLD,TLDQ,['A0A0K8P6T7'],1
NSTL,STLD,['A0A0K8P6T7'],1
TNST,NSTL,['A0A0K8P6T7'],1
SSPI,SPIY,['A0A0K8P6T7'],1
GSLI,SLIS,['A0A0K8P6T7'],1
DSST,SSTN,['A0A0K8P6T7'],1
SSSP,SSPI,['A0A0K8P6T7'],1
SLIS,LISA,['A0A0K8P6T7'],1
TSSS,SSSP,['A0A0K8P6T7'],1
DTNS,TNST,['A0A0K8P6T7'],1
GTSS,TSSS,['A0A0K8P6T7'],1
IDTN,DTNS,['A0A0K8P6T7'],1
WGPR,GPRL,['A0A0K8P6T7'],1
NGTS,GTSS,['A0A0K8P6T7'],1
LISA,ISAA,['A0A0K8P6T7'],1
ISAA,SAAN,['A0A0K8P6T7'],1
SAAN,AANN,['A0A0K8P6T7'],1
LNGT,NGTS,['A0A0K8P6T7'],1
AANN,ANNP,['A0A0K8P6T7'],1
ANNP,NNPS,['A0A0K8P6T7'],1
DQPS,QPSS,['A0A0K8P6T7'],1
QPSS,PSSR,['A0A0K8P6T7'],1
QALI,ALIG,['A0A0K8P6T7'],1
GGSL,GSLI,['A0A0K8P6T7'],1
GVMG,VMGW,['A0A0K8P6T7'],1
VMGW,MGWS,['A0A0K8P6T7'],1
MGVM,GVMG,['A0A0K8P6T7'],1
MGWS,GWSM,['A0A0K8P6T7'],1
GWSM,WSMG,['A0A0K8P6T7'],1
WSMG,SMGG,['A0A0K8P6T7'],1
PWDS,WDSS,['A0A0K8P6T7'],1
WDSS,DSST,['A0A0K8P6T7'],1
RMGV,MGVM,['A0A0K8P6T7'],1
ARMG,RMGV,['A0A0K8P6T7'],1
NSSA,SSAL,['A0A0K8P6T7'],1
TARM,ARMG,['A0A0K8P6T7'],1
DTAR,TARM,['A0A0K8P6T7'],1
VDTA,DTAR,['A0A0K8P6T7'],1
KVDT,VDTA,['A0A0K8P6T7'],1
SSRS,SRSS,['A0A0K8P6T7'],1
PSSR,SSRS,['A0A0K8P6T7'],1
GKVD,KVDT,['A0A0K8P6T7'],1
YGKV,GKVD,['A0A0K8P6T7'],1
IYGK,YGKV,['A0A0K8P6T7'],1
PIYG,IYGK,['A0A0K8P6T7'],1
SLNG,LNGT,['A0A0K8P6T7'],1
ASLN,SLNG,['A0A0K8P6T7'],1
VASL,ASLN,['A0A0K8P6T7'],1
QVAS,VASL,['A0A0K8P6T7'],1
STFA,TFAC,['A0A0K8P6T7'],1
YSTF,STFA,['A0A0K8P6T7'],1
RYST,YSTF,['A0A0K8P6T7'],1
TRYS,RYST,['A0A0K8P6T7'],1
MDND,DNDT,['A0A0K8P6T7'],1
FMDN,MDND,['A0A0K8P6T7'],1
RFMD,FMDN,['A0A0K8P6T7'],1
SRSS,RSSQ,['A0A0K8P6T7'],1
ARQS,RQSS,['A0A0K8P6T7'],1
TARQ,ARQS,['A0A0K8P6T7'],1
KRFM,RFMD,['A0A0K8P6T7'],1
MKRF,KRFM,['A0A0K8P6T7'],1
VAWM,AWMK,['A0A0K8P6T7'],1
GVAW,VAWM,['A0A0K8P6T7'],1
KGVA,GVAW,['A0A0K8P6T7'],1
GYTA,YTAR,['A0A0K8P6T7'],1
KKGV,KGVA,['A0A0K8P6T7'],1
GKKG,KKGV,['A0A0K8P6T7'],1
IGKK,GKKG,['A0A0K8P6T7'],1
LIGK,IGKK,['A0A0K8P6T7'],1
ALIG,LIGK,['A0A0K8P6T7'],1
TFAC,FACE,['A0A0K8P6T7'],1
RQSS,QSSI,['A0A0K8P6T7'],1
QSSI,SSIK,['A0A0K8P6T7'],1
ALRQ,LRQV,['A0A0K8P6T7'],1
SSTN,STNF,['A0A0K8P6T7'],1
RQVA,QVAS,['A0A0K8P6T7'],1
WWGP,WGPR,['A0A0K8P6T7'],1
KWWG,WWGP,['A0A0K8P6T7'],1
IKWW,KWWG,['A0A0K8P6T7'],1
NNPS,NPSL,['A0A0K8P6T7'],1
LKAA,KAAA,['A0A0K8P6T7'],1
KAAA,AAAP,['A0A0K8P6T7'],1
LRQV,RQVA,['A0A0K8P6T7'],1
AALR,ALRQ,['A0A0K8P6T7'],1
SSIK,SIKW,['A0A0K8P6T7'],1
MAAL,AALR,['A0A0K8P6T7'],1
QMAA,MAAL,['A0A0K8P6T7'],1
QQMA,QMAA,['A0A0K8P6T7'],1
SQQM,QQMA,['A0A0K8P6T7'],1
SSQQ,SQQM,['A0A0K8P6T7'],1
RSSQ,SSQQ,['A0A0K8P6T7'],1
CENP,ENPN,['A0A0K8P6T7'],1
ACEN,CENP,['A0A0K8P6T7'],1
SIKW,IKWW,['A0A0K8P6T7'],1
YGAG,GAGT,['A0A0K8P6T7'],1
MPQH,PQHL,['Q56008'],1
SGYG,GYGA,['A0A0K8P6T7'],1
QRGR,RGRQ,['W0TJ64'],1
PGQR,GQRG,['W0TJ64'],1
QPGQ,PGQR,['W0TJ64'],1
DQPG,QPGQ,['W0TJ64'],1
LDQP,DQPG,['W0TJ64'],1
DTNT,TNTR,['W0TJ64'],1
IVFT,VFTI,['W0TJ64'],1
FIVF,IVFT,['W0TJ64'],1
GFIV,FIVF,['W0TJ64'],1
QGFI,GFIV,['W0TJ64'],1
SQGF,QGFI,['W0TJ64'],1
VASQ,ASQG,['W0TJ64'],1
RVAS,VASQ,['W0TJ64'],1
ERVA,RVAS,['W0TJ64'],1
GERV,ERVA,['W0TJ64'],1
YGER,GERV,['W0TJ64'],1
WYGE,YGER,['W0TJ64'],1
SWYG,WYGE,['W0TJ64'],1
MSWY,SWYG,['W0TJ64'],1
SMSW,MSWY,['W0TJ64'],1
GSMS,SMSW,['W0TJ64'],1
QGSM,GSMS,['W0TJ64'],1
SQGS,QGSM,['W0TJ64'],1
ASQG,SQGS,['W0TJ64'],1
TASQ,ASQG,['W0TJ64'],1
FTAS,TASQ,['W0TJ64'],1
GQRG,QRGR,['W0TJ64'],1
LDYL,DYLV,['W0TJ64'],1
KASI,ASIP,['W0TJ64'],1
DYLV,YLVE,['W0TJ64'],1
SLKA,LKAS,['W0TJ64'],1
RPSL,PSLK,['W0TJ64'],1
MRPS,RPSL,['W0TJ64'],1
VMRP,MRPS,['W0TJ64'],1
TVMR,VMRP,['W0TJ64'],1
ATVM,TVMR,['W0TJ64'],1
EATV,ATVM,['W0TJ64'],1
LEAT,EATV,['W0TJ64'],1
SLEA,LEAT,['W0TJ64'],1
PNRL,NRLA,['W0TJ64'],1
DPNR,PNRL,['W0TJ64'],1
LDPN,DPNR,['W0TJ64'],1
RLDP,LDPN,['W0TJ64'],1
ERLD,RLDP,['W0TJ64'],1
RERL,ERLD,['W0TJ64'],1
VRER,RERL,['W0TJ64'],1
KVRE,VRER,['W0TJ64'],1
RKVR,KVRE,['W0TJ64'],1
DRKV,RKVR,['W0TJ64'],1
SDRK,DRKV,['W0TJ64'],1
RSDR,SDRK,['W0TJ64'],1
ERSD,RSDR,['W0TJ64'],1
VERS,ERSD,['W0TJ64'],1
LVER,VERS,['W0TJ64'],1
YLVE,LVER,['W0TJ64'],1
APGF,PGFT,['W0TJ64'],1
VAPG,APGF,['W0TJ64'],1
AVAP,VAPG,['W0TJ64'],1
VAVA,AVAP,['W0TJ64'],1
ERGP,RGPD,['W0TJ64'],1
DNPY,NPYE,['W0TJ64'],1
QDNP,DNPY,['W0TJ64'],1
AQDN,QDNP,['W0TJ64'],1
TAQD,AQDN,['W0TJ64'],1
STAQ,TAQD,['W0TJ64'],1
VSTA,STAQ,['W0TJ64'],1
EVST,VSTA,['W0TJ64'],1
AEVS,EVST,['W0TJ64'],1
GAEV,AEVS,['W0TJ64'],1
AGAE,GAEV,['W0TJ64'],1
VAGA,AGAE,['W0TJ64'],1
GVAG,VAGA,['W0TJ64'],1
GGVA,GVAG,['W0TJ64'],1
VGGV,GGVA,['W0TJ64'],1
AVGG,VGGV,['W0TJ64'],1
GAVG,AVGG,['W0TJ64'],1
VGAV,GAVG,['W0TJ64'],1
LVGA,VGAV,['W0TJ64'],1
VLVG,LVGA,['W0TJ64'],1
AVLV,VLVG,['W0TJ64'],1
LAVL,AVLV,['W0TJ64'],1
ALAV,LAVL,['W0TJ64'],1
TALA,ALAV,['W0TJ64'],1
TTAL,TALA,['W0TJ64'],1
DPTE,PTED,['W0TJ64'],1
PTED,TEDS,['W0TJ64'],1
TEDS,EDSI,['W0TJ64'],1
RVSS,VSSF,['W0TJ64'],1
GAVA,AVAV,['W0TJ64'],1
DEGT,EGTF,['W0TJ64'],1
TDEG,DEGT,['W0TJ64'],1
ETDE,TDEG,['W0TJ64'],1
RETD,ETDE,['W0TJ64'],1
PRET,RETD,['W0TJ64'],1
YPRE,PRET,['W0TJ64'],1
FASG,ASGF,['W0TJ64'],1
SFAS,FASG,['W0TJ64'],1
SSFA,SFAS,['W0TJ64'],1
VSSF,SSFA,['W0TJ64'],1
ERVS,RVSS,['W0TJ64'],1
EDSI,DSIE,['W0TJ64'],1
TERV,ERVS,['W0TJ64'],1
ATER,TERV,['W0TJ64'],1
VATE,ATER,['W0TJ64'],1
SVAT,VATE,['W0TJ64'],1
RGPF,GPFS,['W0TJ64'],1
IRGP,RGPF,['W0TJ64'],1
AIRG,IRGP,['W0TJ64'],1
EAIR,AIRG,['W0TJ64'],1
IEAI,EAIR,['W0TJ64'],1
SIEA,IEAI,['W0TJ64'],1
DSIE,SIEA,['W0TJ64'],1
LKAS,KASI,['W0TJ64'],1
ASIP,SIPL,['W0TJ64'],1
PSGY,SGYG,['A0A0K8P6T7'],1
NPYA,PYAR,['A0A0K8P6T7'],1
QTNP,TNPY,['A0A0K8P6T7'],1
AQTN,QTNP,['A0A0K8P6T7'],1
TAQT,AQTN,['A0A0K8P6T7'],1
ATAQ,TAQT,['A0A0K8P6T7'],1
AATA,ATAQ,['A0A0K8P6T7'],1
SAAA,AAAT,['A0A0K8P6T7'],1
VSAA,SAAA,['A0A0K8P6T7'],1
AVSA,VSAA,['A0A0K8P6T7'],1
MAVS,AVSA,['A0A0K8P6T7'],1
LMAV,MAVS,['A0A0K8P6T7'],1
GLMA,LMAV,['A0A0K8P6T7'],1
GGLM,GLMA,['A0A0K8P6T7'],1
LGGL,GGLM,['A0A0K8P6T7'],1
VLGG,LGGL,['A0A0K8P6T7'],1
AVLG,VLGG,['A0A0K8P6T7'],1
AAVL,AVLG,['A0A0K8P6T7'],1
QAAV,AAVL,['A0A0K8P6T7'],1
MQAA,QAAV,['A0A0K8P6T7'],1
LMQA,MQAA,['A0A0K8P6T7'],1
RLMQ,LMQA,['A0A0K8P6T7'],1
SRLM,RLMQ,['A0A0K8P6T7'],1
ASRL,SRLM,['A0A0K8P6T7'],1
PRAS,RASR,['A0A0K8P6T7'],1
FPRA,PRAS,['A0A0K8P6T7'],1
NFPR,FPRA,['A0A0K8P6T7'],1
TNPY,NPYA,['A0A0K8P6T7'],1
PYAR,YARG,['A0A0K8P6T7'],1
SIPL,IPLT,['W0TJ64'],1
YARG,ARGP,['A0A0K8P6T7'],1
RPSG,PSGY,['A0A0K8P6T7'],1
SRPS,RPSG,['A0A0K8P6T7'],1
VSRP,SRPS,['A0A0K8P6T7'],1
TVSR,VSRP,['A0A0K8P6T7'],1
FTVS,TVSR,['A0A0K8P6T7'],1
SFTV,FTVS,['A0A0K8P6T7'],1
RSFT,SFTV,['A0A0K8P6T7'],1
VRSF,RSFT,['A0A0K8P6T7'],1
TVRS,VRSF,['A0A0K8P6T7'],1
FTVR,TVRS,['A0A0K8P6T7'],1
PFTV,FTVR,['A0A0K8P6T7'],1
GPFT,PFTV,['A0A0K8P6T7'],1
AGPF,GPFT,['A0A0K8P6T7'],1
SAGP,AGPF,['A0A0K8P6T7'],1
ASAG,SAGP,['A0A0K8P6T7'],1
EASA,ASAG,['A0A0K8P6T7'],1
LEAS,EASA,['A0A0K8P6T7'],1
SLEA,LEAS,['A0A0K8P6T7'],1
ASLE,SLEA,['A0A0K8P6T7'],1
AASL,ASLE,['A0A0K8P6T7'],1
TAAS,AASL,['A0A0K8P6T7'],1
PTAA,TAAS,['A0A0K8P6T7'],1
NPTA,PTAA,['A0A0K8P6T7'],1
PNPT,NPTA,['A0A0K8P6T7'],1
ARGP,RGPN,['A0A0K8P6T7'],1
MNFP,NFPR,['A0A0K8P6T7'],1
NPNS,PNST,['A0A0K8P6T7'],1
STCP,TCPY,['W0TJ64'],1
IEEY,EEYR,['W0TJ64'],1
SSLP,SLPK,['W0TJ64'],1
PSSL,SSLP,['W0TJ64'],1
LPSS,PSSL,['W0TJ64'],1
ESLP,SLPS,['W0TJ64'],1
RTHA,THAK,['W0TJ64'],1
VRTH,RTHA,['W0TJ64'],1
SVRT,VRTH,['W0TJ64'],1
ASVR,SVRT,['W0TJ64'],1
ELDT,LDTI,['W0TJ64'],1
AELD,ELDT,['W0TJ64'],1
GAEL,AELD,['W0TJ64'],1
IGAE,GAEL,['W0TJ64'],1
FIIG,IIGA,['W0TJ64'],1
TFII,FIIG,['W0TJ64'],1
PTFI,TFII,['W0TJ64'],1
VPTF,PTFI,['W0TJ64'],1
QVPT,VPTF,['W0TJ64'],1
VQVP,QVPT,['W0TJ64'],1
QVQV,VQVP,['W0TJ64'],1
GQVQ,QVQV,['W0TJ64'],1
WGQV,GQVQ,['W0TJ64'],1
TWGQ,WGQV,['W0TJ64'],1
KTWG,TWGQ,['W0TJ64'],1
TPWN,PWNL,['W0TJ64'],1
LTPW,TPWN,['W0TJ64'],1
SLPK,LPKA,['W0TJ64'],1
LPKA,PKAY,['W0TJ64'],1
PKAY,KAYM,['W0TJ64'],1
RYSQ,YSQF,['W0TJ64'],1
AIEE,IEEY,['W0TJ64'],1
RAIE,AIEE,['W0TJ64'],1
DRAI,RAIE,['W0TJ64'],1
TDRA,DRAI,['W0TJ64'],1
PTDR,TDRA,['W0TJ64'],1
NPTD,PTDR,['W0TJ64'],1
CPNP,PNPT,['W0TJ64'],1
LCPN,CPNP,['W0TJ64'],1
FLCP,LCPN,['W0TJ64'],1
SQFL,QFLC,['W0TJ64'],1
YSQF,SQFL,['W0TJ64'],1
TRYS,RYSQ,['W0TJ64'],1
KAYM,AYME,['W0TJ64'],1
VISW,ISWL,['W0TJ64'],1
YVIS,VISW,['W0TJ64'],1
KYVI,YVIS,['W0TJ64'],1
AKYV,KYVI,['W0TJ64'],1
IAKY,AKYV,['W0TJ64'],1
PNTT,NTTI,['W0TJ64'],1
IPNT,PNTT,['W0TJ64'],1
NIPN,IPNT,['W0TJ64'],1
MELD,ELDG,['W0TJ64'],1
YMEL,MELD,['W0TJ64'],1
AYME,YMEL,['W0TJ64'],1
ENPN,NPNS,['A0A0K8P6T7'],1
GTTL,TTLS,['A5I055'],1
PNST,NSTR,['A0A0K8P6T7'],1
DLKL,LKLD,['A5I055'],1
IWNS,WNST,['A5I055'],1
NIWN,IWNS,['A5I055'],1
SNIW,NIWN,['A5I055'],1
DSNI,SNIW,['A5I055'],1
LDSN,DSNI,['A5I055'],1
VLDS,LDSN,['A5I055'],1
RVLD,VLDS,['A5I055'],1
ERVL,RVLD,['A5I055'],1
IERV,ERVL,['A5I055'],1
YIER,IERV,['A5I055'],1
DYIE,YIER,['A5I055'],1
RDYI,DYIE,['A5I055'],1
QRDY,RDYI,['A5I055'],1
SQRD,QRDY,['A5I055'],1
ESQR,SQRD,['A5I055'],1
GESQ,ESQR,['A5I055'],1
NGES,GESQ,['A5I055'],1
QNGE,NGES,['A5I055'],1
KQNG,QNGE,['A5I055'],1
KKQN,KQNG,['A5I055'],1
LKKQ,KKQN,['A5I055'],1
GLKK,LKKQ,['A5I055'],1
WGLK,GLKK,['A5I055'],1
QWGL,WGLK,['A5I055'],1
DQWG,QWGL,['A5I055'],1
LDQW,DQWG,['A5I055'],1
KLDQ,LDQW,['A5I055'],1
WNST,NSTK,['A5I055'],1
NSTK,STKD,['A5I055'],1
STKD,TKDI,['A5I055'],1
QELN,ELNT,['A5I055'],1
VYYF,YYFS,['A5I055'],1
DVYY,VYYF,['A5I055'],1
PDVY,DVYY,['A5I055'],1
QPDV,PDVY,['A5I055'],1
AQPD,QPDV,['A5I055'],1
KAQP,AQPD,['A5I055'],1
VKAQ,KAQP,['A5I055'],1
WVKA,VKAQ,['A5I055'],1
TWVK,WVKA,['A5I055'],1
NTWV,TWVK,['A5I055'],1
LNTW,NTWV,['A5I055'],1
ELNT,LNTW,['A5I055'],1
AQEL,QELN,['A5I055'],1
TKDI,KDIA,['A5I055'],1
GAQE,AQEL,['A5I055'],1
EGAQ,GAQE,['A5I055'],1
TEGA,EGAQ,['A5I055'],1
STEG,TEGA,['A5I055'],1
LSTE,STEG,['A5I055'],1
DLST,LSTE,['A5I055'],1
YDLS,DLST,['A5I055'],1
TYDL,YDLS,['A5I055'],1
ATYD,TYDL,['A5I055'],1
IATY,ATYD,['A5I055'],1
DIAT,IATY,['A5I055'],1
KDIA,DIAT,['A5I055'],1
LKLD,KLDQ,['A5I055'],1
YDLK,DLKL,['A5I055'],1
NSTR,STRV,['A0A0K8P6T7'],1
IYDL,YDLK,['A5I055'],1
TLSD,LSDL,['A5I055'],1
TTLS,TLSD,['A5I055'],1
VMTT,MTTA,['W0TJ64'],1
DGTT,GTTL,['A5I055'],1
NDGT,DGTT,['A5I055'],1
PNDG,NDGT,['A5I055'],1
TPND,PNDG,['A5I055'],1
STPN,TPND,['A5I055'],1
ISTP,STPN,['A5I055'],1
TIST,ISTP,['A5I055'],1
STIS,TIST,['A5I055'],1
VSTI,STIS,['A5I055'],1
SVST,VSTI,['A5I055'],1
HSVS,SVST,['A5I055'],1
IHSV,HSVS,['A5I055'],1
WIHS,IHSV,['A5I055'],1
HWIH,WIHS,['A5I055'],1
KHWI,HWIH,['A5I055'],1
GKHW,KHWI,['A5I055'],1
GGKH,GKHW,['A5I055'],1
EGGK,GGKH,['A5I055'],1
FEGG,EGGK,['A5I055'],1
LFEG,FEGG,['A5I055'],1
PLFE,LFEG,['A5I055'],1
SPLF,PLFE,['A5I055'],1
ISPL,SPLF,['A5I055'],1
NISP,ISPL,['A5I055'],1
LSDL,SDLM,['A5I055'],1
SDLM,DLMP,['A5I055'],1
DLMP,LMPA,['A5I055'],1
LGTI,GTIT,['A5I055'],1
SIYD,IYDL,['A5I055'],1
SSIY,SIYD,['A5I055'],1
FSSI,SSIY,['A5I055'],1
LFSS,FSSI,['A5I055'],1
KLFS,LFSS,['A5I055'],1
NKLF,KLFS,['A5I055'],1
KNKL,NKLF,['A5I055'],1
GKNK,KNKL,['A5I055'],1
TGKN,GKNK,['A5I055'],1
ITGK,TGKN,['A5I055'],1
TITG,ITGK,['A5I055'],1
GTIT,TITG,['A5I055'],1
VLGT,LGTI,['A5I055'],1
LMPA,MPAK,['A5I055'],1
GVLG,VLGT,['A5I055'],1
FGVL,GVLG,['A5I055'],1
TFGV,FGVL,['A5I055'],1
YTFG,TFGV,['A5I055'],1
SYTF,YTFG,['A5I055'],1
ISYT,SYTF,['A5I055'],1
LISY,ISYT,['A5I055'],1
DLIS,LISY,['A5I055'],1
KDLI,DLIS,['A5I055'],1
AKDL,KDLI,['A5I055'],1
PAKD,AKDL,['A5I055'],1
MPAK,PAKD,['A5I055'],1
YYFS,YFSW,['A5I055'],1
YFSW,FSWT,['A5I055'],1
FSWT,SWTT,['A5I055'],1
SWTT,WTTQ,['A5I055'],1
AMPR,MPRI,['A5I055'],1
NAMP,AMPR,['A5I055'],1
WNAM,NAMP,['A5I055'],1
QWNA,WNAM,['A5I055'],1
GQWN,QWNA,['A5I055'],1
IGQW,GQWN,['A5I055'],1
KIGQ,IGQW,['A5I055'],1
VKIG,KIGQ,['A5I055'],1
GVKI,VKIG,['A5I055'],1
GGVK,GVKI,['A5I055'],1
NGGV,GGVK,['A5I055'],1
YNGG,NGGV,['A5I055'],1
QYNG,YNGG,['A5I055'],1
EQYN,QYNG,['A5I055'],1
IEQY,EQYN,['A5I055'],1
VIEQ,IEQY,['A5I055'],1
DVIE,VIEQ,['A5I055'],1
NDVI,DVIE,['A5I055'],1
SNDV,NDVI,['A5I055'],1
GSND,SNDV,['A5I055'],1
LGSN,GSND,['A5I055'],1
KLGS,LGSN,['A5I055'],1
PKLG,KLGS,['A5I055'],1
GPKL,PKLG,['A5I055'],1
DGPK,GPKL,['A5I055'],1
QDGP,DGPK,['A5I055'],1
SQDG,QDGP,['A5I055'],1
MPRI,PRII,['A5I055'],1
PRII,RIIN,['A5I055'],1
RIIN,IINT,['A5I055'],1
NVKD,VKDW,['A5I055'],1
LSNL,SNLS,['A5I055'],1
FLSN,LSNL,['A5I055'],1
SFLS,FLSN,['A5I055'],1
ASFL,SFLS,['A5I055'],1
YASF,ASFL,['A5I055'],1
DYAS,YASF,['A5I055'],1
MDYA,DYAS,['A5I055'],1
YMDY,MDYA,['A5I055'],1
WYMD,YMDY,['A5I055'],1
DWYM,WYMD,['A5I055'],1
KDWY,DWYM,['A5I055'],1
VKDW,KDWY,['A5I055'],1
GNVK,NVKD,['A5I055'],1
IINT,INTD,['A5I055'],1
FGNV,GNVK,['A5I055'],1
TFGN,FGNV,['A5I055'],1
GTFG,TFGN,['A5I055'],1
VGTF,GTFG,['A5I055'],1
IVGT,VGTF,['A5I055'],1
DIVG,IVGT,['A5I055'],1
MDIV,DIVG,['A5I055'],1
HMDI,MDIV,['A5I055'],1
DHMD,HMDI,['A5I055'],1
TDHM,DHMD,['A5I055'],1
NTDH,TDHM,['A5I055'],1
INTD,NTDH,['A5I055'],1
ISQD,SQDG,['A5I055'],1
CISQ,ISQD,['A5I055'],1
NCIS,CISQ,['A5I055'],1
HSVA,SVAQ,['A5I055'],1
FYPT,YPTA,['A5I055'],1
IFYP,FYPT,['A5I055'],1
PIFY,IFYP,['A5I055'],1
NPIF,PIFY,['A5I055'],1
MNPI,NPIF,['A5I055'],1
PMNP,MNPI,['A5I055'],1
GPMN,PMNP,['A5I055'],1
IGPM,GPMN,['A5I055'],1
QIGP,IGPM,['A5I055'],1
AQIG,QIGP,['A5I055'],1
VAQI,AQIG,['A5I055'],1
SVAQ,VAQI,['A5I055'],1
GHSV,HSVA,['A5I055'],1
PTAN,TANL,['A5I055'],1
TGHS,GHSV,['A5I055'],1
LTGH,TGHS,['A5I055'],1
ILTG,LTGH,['A5I055'],1
SILT,ILTG,['A5I055'],1
ESIL,SILT,['A5I055'],1
KESI,ESIL,['A5I055'],1
TKES,KESI,['A5I055'],1
ATKE,TKES,['A5I055'],1
QATK,ATKE,['A5I055'],1
TQAT,QATK,['A5I055'],1
TTQA,TQAT,['A5I055'],1
WTTQ,TTQA,['A5I055'],1
YPTA,PTAN,['A5I055'],1
TANL,ANLM,['A5I055'],1
VNCI,NCIS,['A5I055'],1
PIID,IIDK,['A5I055'],1
VVNC,VNCI,['A5I055'],1
GVVN,VVNC,['A5I055'],1
DGVV,GVVN,['A5I055'],1
NDGV,DGVV,['A5I055'],1
PNDG,NDGV,['A5I055'],1
FPND,PNDG,['A5I055'],1
WFPN,FPND,['A5I055'],1
KWFP,WFPN,['A5I055'],1
KKWF,KWFP,['A5I055'],1
DKKW,KKWF,['A5I055'],1
IDKK,DKKW,['A5I055'],1
IIDK,IDKK,['A5I055'],1
LPII,PIID,['A5I055'],1
ANLM,NLMG,['A5I055'],1
DLPI,LPII,['A5I055'],1
KDLP,DLPI,['A5I055'],1
QKDL,KDLP,['A5I055'],1
NQKD,QKDL,['A5I055'],1
RNQK,NQKD,['A5I055'],1
SRNQ,RNQK,['A5I055'],1
YSRN,SRNQ,['A5I055'],1
RYSR,YSRN,['A5I055'],1
GRYS,RYSR,['A5I055'],1
MGRY,GRYS,['A5I055'],1
LMGR,MGRY,['A5I055'],1
NLMG,LMGR,['A5I055'],1
ENIS,NISP,['A5I055'],1
QENI,ENIS,['A5I055'],1
GQEN,QENI,['A5I055'],1
VHGF,HGFM,['A5I055'],1
DINK,INKM,['A5I055'],1
EDIN,DINK,['A5I055'],1
EEDI,EDIN,['A5I055'],1
SEED,EEDI,['A5I055'],1
KSEE,SEED,['A5I055'],1
VKSE,KSEE,['A5I055'],1
EVKS,VKSE,['A5I055'],1
EEVK,EVKS,['A5I055'],1
AEEV,EEVK,['A5I055'],1
SAEE,AEEV,['A5I055'],1
DSAE,SAEE,['A5I055'],1
IDSA,DSAE,['A5I055'],1
LIDS,IDSA,['A5I055'],1
NLID,LIDS,['A5I055'],1
DNLI,NLID,['A5I055'],1
IDNL,DNLI,['A5I055'],1
DIDN,IDNL,['A5I055'],1
EDID,DIDN,['A5I055'],1
LEDI,EDID,['A5I055'],1
TLED,LEDI,['A5I055'],1
PTLE,TLED,['A5I055'],1
IPTL,PTLE,['A5I055'],1
KIPT,IPTL,['A5I055'],1
IKIP,KIPT,['A5I055'],1
TIKI,IKIP,['A5I055'],1
ETIK,TIKI,['A5I055'],1
EETI,ETIK,['A5I055'],1
INKM,NKMP,['A5I055'],1
NKMP,KMPP,['A5I055'],1
KMPP,MPPL,['A5I055'],1
TRSI,RSII,['A5I055'],1
VLVH,LVHG,['A5I055'],1
IVLV,VLVH,['A5I055'],1
PIVL,IVLV,['A5I055'],1
YPIV,PIVL,['A5I055'],1
NYPI,YPIV,['A5I055'],1
NNYP,NYPI,['A5I055'],1
GNNY,NNYP,['A5I055'],1
GGNN,GNNY,['A5I055'],1
IGGN,GGNN,['A5I055'],1
IIGG,IGGN,['A5I055'],1
SIIG,IIGG,['A5I055'],1
RSII,SIIG,['A5I055'],1
NTRS,TRSI,['A5I055'],1
MPPL,PPLK,['A5I055'],1
VNTR,NTRS,['A5I055'],1
EVNT,VNTR,['A5I055'],1
PEVN,EVNT,['A5I055'],1
FPEV,PEVN,['A5I055'],1
EFPE,FPEV,['A5I055'],1
VEFP,EFPE,['A5I055'],1
PVEF,VEFP,['A5I055'],1
FPVE,PVEF,['A5I055'],1
KFPV,FPVE,['A5I055'],1
LKFP,KFPV,['A5I055'],1
PLKF,LKFP,['A5I055'],1
PPLK,PLKF,['A5I055'],1
AEET,EETI,['A5I055'],1
DAEE,AEET,['A5I055'],1
KDAE,DAEE,['A5I055'],1
NKIA,KIAT,['A5I055'],1
MTLT,TLTN,['A5I055'],1
SMTL,MTLT,['A5I055'],1
FSMT,SMTL,['A5I055'],1
VFSM,FSMT,['A5I055'],1
LVFS,VFSM,['A5I055'],1
LLVF,LVFS,['A5I055'],1
ILLV,LLVF,['A5I055'],1
IILL,ILLV,['A5I055'],1
TIIL,IILL,['A5I055'],1
ATII,TIIL,['A5I055'],1
IATI,ATII,['A5I055'],1
KIAT,IATI,['A5I055'],1
LNKI,NKIA,['A5I055'],1
LTNF,TNFS,['A5I055'],1
NLNK,LNKI,['A5I055'],1
KNLN,NLNK,['A5I055'],1
KKNL,KNLN,['A5I055'],1
MKKN,KKNL,['A5I055'],1
TANC,ANCS,['A0A0K8P6T7'],1
RTAN,TANC,['A0A0K8P6T7'],1
FRTA,RTAN,['A0A0K8P6T7'],1
DFRT,FRTA,['A0A0K8P6T7'],1
VSDF,SDFR,['A0A0K8P6T7'],1
RVSD,VSDF,['A0A0K8P6T7'],1
TRVS,RVSD,['A0A0K8P6T7'],1
STRV,TRVS,['A0A0K8P6T7'],1
TLTN,LTNF,['A5I055'],1
TNFS,NFSM,['A5I055'],1
VKDA,KDAE,['A5I055'],1
GTQK,TQKV,['A5I055'],1
EVKD,VKDA,['A5I055'],1
KEVK,EVKD,['A5I055'],1
KKEV,KEVK,['A5I055'],1
TKKE,KKEV,['A5I055'],1
TTKK,TKKE,['A5I055'],1
STTK,TTKK,['A5I055'],1
SSTT,STTK,['A5I055'],1
ESST,SSTT,['A5I055'],1
VESS,ESST,['A5I055'],1
KVES,VESS,['A5I055'],1
QKVE,KVES,['A5I055'],1
TQKV,QKVE,['A5I055'],1
QGTQ,GTQK,['A5I055'],1
NFSM,FSMI,['A5I055'],1
AQGT,QGTQ,['A5I055'],1
KAQG,AQGT,['A5I055'],1
PKAQ,KAQG,['A5I055'],1
EPKA,PKAQ,['A5I055'],1
AEPK,EPKA,['A5I055'],1
AAEP,AEPK,['A5I055'],1
RAAE,AAEP,['A5I055'],1
VRAA,RAAE,['A5I055'],1
IVRA,VRAA,['A5I055'],1
MIVR,IVRA,['A5I055'],1
SMIV,MIVR,['A5I055'],1
FSMI,SMIV,['A5I055'],1
LVHG,VHGF,['A5I055'],1
HGFM,GFMG,['A5I055'],1
CGQE,GQEN,['A5I055'],1
GFMG,FMGF,['A5I055'],1
NENK,ENKI,['A5I055'],1
SNEN,NENK,['A5I055'],1
ISNE,SNEN,['A5I055'],1
NISN,ISNE,['A5I055'],1
KNIS,NISN,['A5I055'],1
YKNI,KNIS,['A5I055'],1
IYKN,YKNI,['A5I055'],1
GIYK,IYKN,['A5I055'],1
PGIY,GIYK,['A5I055'],1
YPGI,PGIY,['A5I055'],1
TYPG,YPGI,['A5I055'],1
RTYP,TYPG,['A5I055'],1
GRTY,RTYP,['A5I055'],1
YGRT,GRTY,['A5I055'],1
RYGR,YGRT,['A5I055'],1
NRYG,RYGR,['A5I055'],1
HNRY,NRYG,['A5I055'],1
KHNR,HNRY,['A5I055'],1
FKHN,KHNR,['A5I055'],1
KFKH,FKHN,['A5I055'],1
KKFK,KFKH,['A5I055'],1
AKKF,KKFK,['A5I055'],1
HAKK,AKKF,['A5I055'],1
AHAK,HAKK,['A5I055'],1
EAHA,AHAK,['A5I055'],1
GEAH,EAHA,['A5I055'],1
YGEA,GEAH,['A5I055'],1
ENKI,NKIH,['A5I055'],1
NKIH,KIHL,['A5I055'],1
KIHL,IHLI,['A5I055'],1
TQLL,QLLS,['A5I055'],1
NCGQ,CGQE,['A5I055'],1
INCG,NCGQ,['A5I055'],1
EINC,INCG,['A5I055'],1
EEIN,EINC,['A5I055'],1
EEEI,EEIN,['A5I055'],1
SEEE,EEEI,['A5I055'],1
GSEE,SEEE,['A5I055'],1
EGSE,GSEE,['A5I055'],1
SEGS,EGSE,['A5I055'],1
LSEG,SEGS,['A5I055'],1
LLSE,LSEG,['A5I055'],1
QLLS,LLSE,['A5I055'],1
LTQL,TQLL,['A5I055'],1
IHLI,HLIG,['A5I055'],1
TLTQ,LTQL,['A5I055'],1
RTLT,TLTQ,['A5I055'],1
IRTL,RTLT,['A5I055'],1
TIRT,IRTL,['A5I055'],1
QTIR,TIRT,['A5I055'],1
GQTI,QTIR,['A5I055'],1
GGQT,GQTI,['A5I055'],1
MGGQ,GGQT,['A5I055'],1
SMGG,MGGQ,['A5I055'],1
IGHS,GHSM,['A5I055'],1
LIGH,IGHS,['A5I055'],1
HLIG,LIGH,['A5I055'],1
DYGE,YGEA,['A5I055'],1
VDYG,DYGE,['A5I055'],1
TVDY,VDYG,['A5I055'],1
YWGG,WGGV,['A5I055'],1
NASG,ASGH,['A5I055'],1
LNAS,NASG,['A5I055'],1
KLNA,LNAS,['A5I055'],1
EKLN,KLNA,['A5I055'],1
QEKL,EKLN,['A5I055'],1
LQEK,QEKL,['A5I055'],1
DLQE,LQEK,['A5I055'],1
VDLQ,DLQE,['A5I055'],1
VVDL,VDLQ,['A5I055'],1
GVVD,VVDL,['A5I055'],1
GGVV,GVVD,['A5I055'],1
WGGV,GGVV,['A5I055'],1
KYWG,YWGG,['A5I055'],1
SGHE,GHET,['A5I055'],1
YKYW,KYWG,['A5I055'],1
GYKY,YKYW,['A5I055'],1
LGYK,GYKY,['A5I055'],1
LLGY,LGYK,['A5I055'],1
ELLG,LLGY,['A5I055'],1
DELL,ELLG,['A5I055'],1
RDEL,DELL,['A5I055'],1
GRDE,RDEL,['A5I055'],1
FGRD,GRDE,['A5I055'],1
GFGR,FGRD,['A5I055'],1
MGFG,GFGR,['A5I055'],1
FMGF,MGFG,['A5I055'],1
ASGH,SGHE,['A5I055'],1
GHET,HETY,['A5I055'],1
GTVD,TVDY,['A5I055'],1
WDRA,DRAC,['A5I055'],1
GGTV,GTVD,['A5I055'],1
VGGT,GGTV,['A5I055'],1
IVGG,VGGT,['A5I055'],1
YIVG,IVGG,['A5I055'],1
AYIV,YIVG,['A5I055'],1
YAYI,AYIV,['A5I055'],1
LYAY,YAYI,['A5I055'],1
ELYA,LYAY,['A5I055'],1
CELY,ELYA,['A5I055'],1
ACEL,CELY,['A5I055'],1
RACE,ACEL,['A5I055'],1
DRAC,RACE,['A5I055'],1
NWDR,WDRA,['A5I055'],1
HETY,ETYT,['A5I055'],1
SNWD,NWDR,['A5I055'],1
SSNW,SNWD,['A5I055'],1
VSSN,SSNW,['A5I055'],1
PVSS,VSSN,['A5I055'],1
GPVS,PVSS,['A5I055'],1
VGPV,GPVS,['A5I055'],1
TVGP,VGPV,['A5I055'],1
ATVG,TVGP,['A5I055'],1
TATV,ATVG,['A5I055'],1
YTAT,TATV,['A5I055'],1
TYTA,YTAT,['A5I055'],1
ETYT,TYTA,['A5I055'],1
MTTA,TTAL,['W0TJ64'],1
NNRH,NRHC,['G9BY57'],1
GVMT,VMTT,['W0TJ64'],1
QARG,ARGF,['H6WX58'],1
SSIS,SISW,['H6WX58'],1
QSSI,SSIS,['H6WX58'],1
NTFG,TFGA,['H6WX58'],1
NNTF,NTFG,['H6WX58'],1
DNNT,NNTF,['H6WX58'],1
TDNN,DNNT,['H6WX58'],1
PTDN,TDNN,['H6WX58'],1
YPTD,PTDN,['H6WX58'],1
YYPT,YPTD,['H6WX58'],1
RGFG,GFGG,['H6WX58'],1
ARGF,RGFG,['H6WX58'],1
LQAR,QARG,['H6WX58'],1
SWLG,WLGE,['H6WX58'],1
RLQA,LQAR,['H6WX58'],1
SRLQ,RLQA,['H6WX58'],1
VSRL,SRLQ,['H6WX58'],1
RVSR,VSRL,['H6WX58'],1
ERVS,RVSR,['H6WX58'],1
EERV,ERVS,['H6WX58'],1
DEER,EERV,['H6WX58'],1
VDEE,DEER,['H6WX58'],1
RVDE,VDEE,['H6WX58'],1
FRVD,RVDE,['H6WX58'],1
PFRV,FRVD,['H6WX58'],1
ISWL,SWLG,['H6WX58'],1
LGER,GERL,['H6WX58'],1
RGPF,GPFR,['H6WX58'],1
DYMV,YMVE,['H6WX58'],1
RLAA,LAAM,['H6WX58'],1
SRLA,RLAA,['H6WX58'],1
NRID,RIDS,['H6WX58'],1
YSVR,SVRN,['H6WX58'],1
SYSV,YSVR,['H6WX58'],1
SSYS,SYSV,['H6WX58'],1
DSSY,SSYS,['H6WX58'],1
EDSS,DSSY,['H6WX58'],1
VEDS,EDSS,['H6WX58'],1
MVED,VEDS,['H6WX58'],1
YMVE,MVED,['H6WX58'],1
LDYM,DYMV,['H6WX58'],1
GERL,ERLA,['H6WX58'],1
DAAL,AALD,['H6WX58'],1
LDAA,DAAL,['H6WX58'],1
QLDA,LDAA,['H6WX58'],1
SQLD,QLDA,['H6WX58'],1
ASQL,SQLD,['H6WX58'],1
MTID,TIDT,['H6WX58'],1
VMTI,MTID,['H6WX58'],1
VVMT,VMTI,['H6WX58'],1
FVVM,VVMT,['H6WX58'],1
GFVV,FVVM,['H6WX58'],1
ERLA,RLAS,['H6WX58'],1
GPFR,PFRV,['H6WX58'],1
LRGP,RGPF,['H6WX58'],1
ATAA,TAAA,['F7IX06'],1
IASV,ASVT,['F7IX06'],1
LSDV,SDVE,['F7IX06'],1
PTDK,TDKA,['F7IX06'],1
SPTD,PTDK,['F7IX06'],1
PSPT,SPTD,['F7IX06'],1
IPSP,PSPT,['F7IX06'],1
SIPS,IPSP,['F7IX06'],1
LHSK,HSKP,['F7IX06'],1
TLHS,LHSK,['F7IX06'],1
VTLH,TLHS,['F7IX06'],1
SVTL,VTLH,['F7IX06'],1
ASVT,SVTL,['F7IX06'],1
YDTI,DTIA,['F7IX06'],1
WLGG,LGGR,['E9LVH7'],1
EYDT,YDTI,['F7IX06'],1
AEYD,EYDT,['F7IX06'],1
GAEY,AEYD,['F7IX06'],1
IGAE,GAEY,['F7IX06'],1
AVRN,VRNR,['F7IX06'],1
SAVR,AVRN,['F7IX06'],1
VATV,ATVA,['F7IX06'],1
VVAT,VATV,['F7IX06'],1
AVVA,VVAT,['F7IX06'],1
TAVV,AVVA,['F7IX06'],1
ATAV,TAVV,['F7IX06'],1
AWLG,WLGG,['E9LVH7'],1
LGGR,GGRI,['E9LVH7'],1
ALRG,LRGP,['H6WX58'],1
EYCS,YCST,['E9LVH7'],1
EALR,ALRG,['H6WX58'],1
IEAL,EALR,['H6WX58'],1
SIEA,IEAL,['H6WX58'],1
SSIE,SIEA,['H6WX58'],1
NSSI,SSIE,['H6WX58'],1
TNSS,NSSI,['H6WX58'],1
PTNS,TNSS,['H6WX58'],1
NPTN,PTNS,['H6WX58'],1
PNPT,NPTN,['H6WX58'],1
CSTC,STCP,['E9LVH7'],1
YCST,CSTC,['E9LVH7'],1
EEYC,EYCS,['E9LVH7'],1
GGRI,GRIA,['E9LVH7'],1
VEEY,EEYC,['E9LVH7'],1
RSSV,SSVT,['E9LVH7'],1
NRSS,RSSV,['E9LVH7'],1
KNRS,NRSS,['E9LVH7'],1
NKNR,KNRS,['E9LVH7'],1
LNKN,NKNR,['E9LVH7'],1
TPRL,PRLA,['E9LVH7'],1
GTPR,TPRL,['E9LVH7'],1
GGTP,GTPR,['E9LVH7'],1
GGGT,GGTP,['E9LVH7'],1
GRIA,RIAS,['E9LVH7'],1
LAAM,AAMG,['H6WX58'],1
AAMG,AMGH,['H6WX58'],1
AMGH,MGHS,['H6WX58'],1
ALLA,LLAL,['G9BY57'],1
WASP,ASPS,['G9BY57'],1
VWAS,WASP,['G9BY57'],1
LVWA,VWAS,['G9BY57'],1
ALVW,LVWA,['G9BY57'],1
WALV,ALVW,['G9BY57'],1
AWAL,WALV,['G9BY57'],1
AAWA,AWAL,['G9BY57'],1
LAAW,AAWA,['G9BY57'],1
ALAA,LAAW,['G9BY57'],1
LALA,ALAA,['G9BY57'],1
LLAL,LALA,['G9BY57'],1
AALL,ALLA,['G9BY57'],1
SPSV,PSVE,['G9BY57'],1
MAAL,AALL,['G9BY57'],1
LMAA,MAAL,['G9BY57'],1
ALMA,LMAA,['G9BY57'],1
AALM,ALMA,['G9BY57'],1
TAAL,AALM,['G9BY57'],1
RTAA,TAAL,['G9BY57'],1
VRTA,RTAA,['G9BY57'],1
RVRT,VRTA,['G9BY57'],1
WRVR,RVRT,['G9BY57'],1
LWRV,WRVR,['G9BY57'],1
VLWR,LWRV,['G9BY57'],1
ASPS,SPSV,['G9BY57'],1
PSVE,SVEA,['G9BY57'],1
LRLA,RLAE,['H6WX58'],1
LTAD,TADG,['G9BY57'],1
GGVI,GVIY,['G9BY57'],1
GGGV,GGVI,['G9BY57'],1
FGGG,GGGV,['G9BY57'],1
YTVS,TVSR,['G9BY57'],1
TYTV,YTVS,['G9BY57'],1
ATYT,TYTV,['G9BY57'],1
VATY,ATYT,['G9BY57'],1
SVAT,VATY,['G9BY57'],1
DGPF,GPFS,['G9BY57'],1
ADGP,DGPF,['G9BY57'],1
TADG,ADGP,['G9BY57'],1
ALTA,LTAD,['G9BY57'],1
SVEA,VEAQ,['G9BY57'],1
SALT,ALTA,['G9BY57'],1
RSAL,SALT,['G9BY57'],1
TRSA,RSAL,['G9BY57'],1
PTRS,TRSA,['G9BY57'],1
NPTR,PTRS,['G9BY57'],1
PNPT,NPTR,['G9BY57'],1
SNPY,NPYQ,['G9BY57'],1
QSNP,SNPY,['G9BY57'],1
AQSN,QSNP,['G9BY57'],1
EAQS,AQSN,['G9BY57'],1
VEAQ,EAQS,['G9BY57'],1
GVLW,VLWR,['G9BY57'],1
DGVL,GVLW,['G9BY57'],1
MDGV,DGVL,['G9BY57'],1
WGSV,GSVR,['H6WX58'],1
NSLP,SLPG,['H6WX58'],1
RSHS,SHSE,['H6WX58'],1
VRSH,RSHS,['H6WX58'],1
SVRS,VRSH,['H6WX58'],1
ASVR,SVRS,['H6WX58'],1
NDTI,DTIA,['H6WX58'],1
ENDT,NDTI,['H6WX58'],1
AEND,ENDT,['H6WX58'],1
GAEN,AEND,['H6WX58'],1
IGAE,GAEN,['H6WX58'],1
GSVR,SVRV,['H6WX58'],1
TWGS,WGSV,['H6WX58'],1
WFVD,FVDN,['E0Z5H1'],1
KTWG,TWGS,['H6WX58'],1
QAAI,AAIP,['H6WX58'],1
LQAA,QAAI,['H6WX58'],1
DLQA,LQAA,['H6WX58'],1
PDLQ,DLQA,['H6WX58'],1
RPDL,PDLQ,['H6WX58'],1
RRPD,RPDL,['H6WX58'],1
ERRP,RRPD,['H6WX58'],1
AERR,ERRP,['H6WX58'],1
LAER,AERR,['H6WX58'],1
RLAE,LAER,['H6WX58'],1
FAPN,APNL,['H6WX58'],1
APNL,PNLS,['H6WX58'],1
PNLS,NLSN,['H6WX58'],1
NLSN,LSNT,['H6WX58'],1
KWFV,WFVD,['E0Z5H1'],1
LKWF,KWFV,['E0Z5H1'],1
WLKW,LKWF,['E0Z5H1'],1
AWLK,WLKW,['E0Z5H1'],1
SNTY,NTYG,['E0Z5H1'],1
ESNT,SNTY,['E0Z5H1'],1
RESN,ESNT,['E0Z5H1'],1
PRES,RESN,['E0Z5H1'],1
YPRE,PRES,['E0Z5H1'],1
GSDV,SDVE,['H6WX58'],1
WGSD,GSDV,['H6WX58'],1
GWGS,WGSD,['H6WX58'],1
TGWG,GWGS,['H6WX58'],1
STGW,TGWG,['H6WX58'],1
PSTG,STGW,['H6WX58'],1
GPST,PSTG,['H6WX58'],1
PGPS,GPST,['H6WX58'],1
CPGP,PGPS,['H6WX58'],1
VDDD,DDDT,['H6WX58'],1
FVDD,VDDD,['H6WX58'],1
RFVD,FVDD,['H6WX58'],1
SNTT,NTTI,['H6WX58'],1
LSNT,SNTT,['H6WX58'],1
AATA,ATAV,['F7IX06'],1
RATA,ATAA,['F7IX06'],1
VIYY,IYYP,['G9BY57'],1
YYPT,YPTS,['Q56008'],1
VVIS,VISP,['Q56008'],1
AVVI,VVIS,['Q56008'],1
GAVV,AVVI,['Q56008'],1
FGAV,GAVV,['Q56008'],1
DGTF,GTFG,['Q56008'],1
ADGT,DGTF,['Q56008'],1
TADG,ADGT,['Q56008'],1
STAD,TADG,['Q56008'],1
TSTA,STAD,['Q56008'],1
PTST,TSTA,['Q56008'],1
YPTS,PTST,['Q56008'],1
VASG,ASGF,['Q56008'],1
FTAY,TAYQ,['Q56008'],1
LVAS,VASG,['Q56008'],1
SLVA,LVAS,['Q56008'],1
SSLV,SLVA,['Q56008'],1
VSSL,SSLV,['Q56008'],1
SVSS,VSSL,['Q56008'],1
TSVS,SVSS,['Q56008'],1
QTSV,TSVS,['Q56008'],1
SQTS,QTSV,['Q56008'],1
TSQT,SQTS,['Q56008'],1
ATSQ,TSQT,['Q56008'],1
YATS,ATSQ,['Q56008'],1
VISP,ISPG,['Q56008'],1
TAYQ,AYQS,['Q56008'],1
GPYA,PYAT,['Q56008'],1
RTRV,TRVD,['Q56008'],1
PLTG,LTGW,['Q56008'],1
IPLT,PLTG,['Q56008'],1
GVMG,VMGH,['Q56008'],1
LGVM,GVMG,['Q56008'],1
RLGV,LGVM,['Q56008'],1
TRLG,RLGV,['Q56008'],1
ATRL,TRLG,['Q56008'],1
DATR,ATRL,['Q56008'],1
VDAT,DATR,['Q56008'],1
RVDA,VDAT,['Q56008'],1
TRVD,RVDA,['Q56008'],1
VRTR,RTRV,['Q56008'],1
AYQS,YQSS,['Q56008'],1
SVRT,VRTR,['Q56008'],1
SSVR,SVRT,['Q56008'],1
SALD,ALDY,['Q56008'],1
LSAL,SALD,['Q56008'],1
LLSA,LSAL,['Q56008'],1
QLLS,LLSA,['Q56008'],1
RQLL,QLLS,['Q56008'],1
VVFT,VFTI,['Q56008'],1
FVVF,VVFT,['Q56008'],1
GFVV,FVVF,['Q56008'],1
YQSS,QSSI,['Q56008'],1
PYAT,YATS,['Q56008'],1
RGPY,GPYA,['Q56008'],1
LRAT,RATA,['F7IX06'],1
PSRP,SRPR,['Q56008'],1
AATA,ATAG,['Q56008'],1
LAAA,AAAA,['Q56008'],1
LLAA,LAAA,['Q56008'],1
GLLA,LLAA,['Q56008'],1
TGLL,GLLA,['Q56008'],1
LTGL,TGLL,['Q56008'],1
TLTG,LTGL,['Q56008'],1
RTLT,TLTG,['Q56008'],1
PRTL,RTLT,['Q56008'],1
RPRT,PRTL,['Q56008'],1
SRPR,RPRT,['Q56008'],1
RPSR,PSRP,['Q56008'],1
TAGL,AGLL,['Q56008'],1
ARPS,RPSR,['Q56008'],1
AARP,ARPS,['Q56008'],1
QAAR,AARP,['Q56008'],1
RQAA,QAAR,['Q56008'],1
RRQA,RQAA,['Q56008'],1
ARRQ,RRQA,['Q56008'],1
PARR,ARRQ,['Q56008'],1
LPAR,PARR,['Q56008'],1
LLPA,LPAR,['Q56008'],1
HLLP,LLPA,['Q56008'],1
QHLL,HLLP,['Q56008'],1
ATAG,TAGL,['Q56008'],1
AGLL,GLLL,['Q56008'],1
SRGP,RGPY,['Q56008'],1
RGPA,GPAP,['Q56008'],1
ASRG,SRGP,['Q56008'],1
EASR,ASRG,['Q56008'],1
IEAS,EASR,['Q56008'],1
SIEA,IEAS,['Q56008'],1
ASIE,SIEA,['Q56008'],1
NASI,ASIE,['Q56008'],1
TNAS,NASI,['Q56008'],1
PTNA,TNAS,['Q56008'],1
APTN,PTNA,['Q56008'],1
PAPT,APTN,['Q56008'],1
GPAP,PAPT,['Q56008'],1
ERGP,RGPA,['Q56008'],1
GLLL,LLLS,['Q56008'],1
AAAA,AAAN,['Q56008'],1
QAAA,AAAA,['Q56008'],1
GAQA,AQAA,['Q56008'],1
PGAQ,GAQA,['Q56008'],1
APGA,PGAQ,['Q56008'],1
LAPG,APGA,['Q56008'],1
GLAP,LAPG,['Q56008'],1
SGLA,GLAP,['Q56008'],1
LSGL,SGLA,['Q56008'],1
LLSG,LSGL,['Q56008'],1
LLLS,LLSG,['Q56008'],1
LTGW,TGWN,['Q56008'],1
TGWN,GWNT,['Q56008'],1
GWNT,WNTD,['Q56008'],1
ASLL,SLLS,['D4Q9N1'],1
LGAD,GADG,['D4Q9N1'],1
RLGA,LGAD,['D4Q9N1'],1
ASRL,SRLG,['D4Q9N1'],1
AATV,ATVA,['D4Q9N1'],1
AAAT,AATV,['D4Q9N1'],1
VAAA,AAAA,['D4Q9N1'],1
AVAA,VAAA,['D4Q9N1'],1
VAVA,AVAA,['D4Q9N1'],1
RAVA,AVAV,['D4Q9N1'],1
SRAV,RAVA,['D4Q9N1'],1
LSRA,SRAV,['D4Q9N1'],1
EASL,ASLL,['D4Q9N1'],1
ASSS,SSSV,['D4Q9N1'],1
REAS,EASL,['D4Q9N1'],1
RREA,REAS,['D4Q9N1'],1
PRRE,RREA,['D4Q9N1'],1
CPHT,PHTS,['Q56008'],1
GTCP,TCPH,['Q56008'],1
RGTC,GTCP,['Q56008'],1
YRGT,RGTC,['Q56008'],1
EYRG,YRGT,['Q56008'],1
AEYR,EYRG,['Q56008'],1
IAEY,AEYR,['Q56008'],1
TIAE,IAEY,['Q56008'],1
DASS,ASSS,['D4Q9N1'],1
SSSV,SSVR,['D4Q9N1'],1
WNTD,NTDK,['Q56008'],1
LSDV,SDVD,['D4Q9N1'],1
ALRA,LRAT,['F7IX06'],1
RALR,ALRA,['F7IX06'],1
TSLL,SLLS,['F7IX06'],1
ETSL,TSLL,['F7IX06'],1
RETS,ETSL,['F7IX06'],1
RRET,RETS,['F7IX06'],1
PRRE,RRET,['F7IX06'],1
DEYR,EYRS,['D4Q9N1'],1
VDEY,DEYR,['D4Q9N1'],1
DVDE,VDEY,['D4Q9N1'],1
SDVD,DVDE,['D4Q9N1'],1
NATH,ATHF,['D4Q9N1'],1
IAPV,APVS,['D4Q9N1'],1
NNAT,NATH,['D4Q9N1'],1
LNNA,NNAT,['D4Q9N1'],1
STDK,TDKA,['D4Q9N1'],1
SSTD,STDK,['D4Q9N1'],1
PSST,SSTD,['D4Q9N1'],1
IPSS,PSST,['D4Q9N1'],1
SIPS,IPSS,['D4Q9N1'],1
SSHS,SHSE,['D4Q9N1'],1
VSSH,SSHS,['D4Q9N1'],1
PVSS,VSSH,['D4Q9N1'],1
APVS,PVSS,['D4Q9N1'],1
LTIA,TIAE,['Q56008'],1
SLTI,LTIA,['Q56008'],1
PSLT,SLTI,['Q56008'],1
GADG,ADGD,['Q56008'],1
RGAS,GASH,['Q56008'],1
LRGA,RGAS,['Q56008'],1
ELRG,LRGA,['Q56008'],1
LELR,ELRG,['Q56008'],1
YLEL,LELR,['Q56008'],1
ESLP,SLPG,['Q56008'],1
THSK,HSKP,['Q56008'],1
ATHS,THSK,['Q56008'],1
GDTV,DTVA,['Q56008'],1
DGDT,GDTV,['Q56008'],1
ADGD,DGDT,['Q56008'],1
VGAD,GADG,['Q56008'],1
RPSL,PSLT,['Q56008'],1
VVGA,VGAD,['Q56008'],1
LVVG,VVGA,['Q56008'],1
TLVV,LVVG,['Q56008'],1
PTLV,TLVV,['Q56008'],1
TPTL,PTLV,['Q56008'],1
LRTP,RTPT,['Q56008'],1
ELRT,LRTP,['Q56008'],1
PELR,ELRT,['Q56008'],1
WPEL,PELR,['Q56008'],1
TWPE,WPEL,['Q56008'],1
NTDK,TDKT,['Q56008'],1
ASHF,SHFT,['Q56008'],1
SHFT,HFTP,['Q56008'],1
HFTP,FTPN,['Q56008'],1
FTPN,TPNT,['Q56008'],1
PRPS,RPSL,['Q56008'],1
IPRP,PRPS,['Q56008'],1
PIPR,IPRP,['Q56008'],1
CPIP,PIPR,['Q56008'],1
LCPI,CPIP,['Q56008'],1
FLCP,LCPI,['Q56008'],1
EQFL,QFLC,['Q56008'],1
YEQF,EQFL,['Q56008'],1
RYEQ,YEQF,['Q56008'],1
TRYE,RYEQ,['Q56008'],1
DTRY,TRYE,['Q56008'],1
SDTR,DTRY,['Q56008'],1
DSDT,SDTR,['Q56008'],1
IDSD,DSDT,['Q56008'],1
FIDS,IDSD,['Q56008'],1
RFID,FIDS,['Q56008'],1
LKRF,KRFI,['Q56008'],1
DTTI,TTIA,['Q56008'],1
SDTT,DTTI,['Q56008'],1
TSDT,SDTT,['Q56008'],1
NTSD,TSDT,['Q56008'],1
PNTS,NTSD,['Q56008'],1
TPNT,PNTS,['Q56008'],1
GVIY,VIYY,['G9BY57'],1
YYPT,YPTG,['G9BY57'],1
IGVM,GVMT,['W0TJ64'],1
KRTL,RTLK,['D1A2H1'],1
PAAA,AAAL,['D1A2H1'],1
LPAA,PAAA,['D1A2H1'],1
LLPA,LPAA,['D1A2H1'],1
SLLP,LLPA,['D1A2H1'],1
LSLL,SLLP,['D1A2H1'],1
ALSL,LSLL,['D1A2H1'],1
RALS,ALSL,['D1A2H1'],1
KRAL,RALS,['D1A2H1'],1
LKRA,KRAL,['D1A2H1'],1
TLKR,LKRA,['D1A2H1'],1
RTLK,TLKR,['D1A2H1'],1
MKRT,KRTL,['D1A2H1'],1
AALA,ALAA,['D1A2H1'],1
DTCP,TCPH,['D1A9G5'],1
RDTC,DTCP,['D1A9G5'],1
YRDT,RDTC,['D1A9G5'],1
DYRD,YRDT,['D1A9G5'],1
SDYR,DYRD,['D1A9G5'],1
ISDY,SDYR,['D1A9G5'],1
DISD,ISDY,['D1A9G5'],1
GDIS,DISD,['D1A9G5'],1
IGDI,GDIS,['D1A9G5'],1
AIGD,IGDI,['D1A9G5'],1
RAIG,AIGD,['D1A9G5'],1
AAAL,AALA,['D1A2H1'],1
ALAA,LAAS,['D1A2H1'],1
PPRA,PRAI,['D1A9G5'],1
ASIT,SITA,['D1A2H1'],1
EITV,ITVS,['D1A2H1'],1
AEIT,EITV,['D1A2H1'],1
TAEI,AEIT,['D1A2H1'],1
NTAE,TAEI,['D1A2H1'],1
FNTA,NTAE,['D1A2H1'],1
PFNT,FNTA,['D1A2H1'],1
GPFN,PFNT,['D1A2H1'],1
RGPF,GPFN,['D1A2H1'],1
TAAR,AARG,['D1A2H1'],1
ITAA,TAAR,['D1A2H1'],1
SITA,ITAA,['D1A2H1'],1
EASI,ASIT,['D1A2H1'],1
LAAS,AASA,['D1A2H1'],1
PTEA,TEAS,['D1A2H1'],1
NPTE,PTEA,['D1A2H1'],1
SPAQ,PAQA,['D1A2H1'],1
ASPA,SPAQ,['D1A2H1'],1
AASP,ASPA,['D1A2H1'],1
VAAS,AASP,['D1A2H1'],1
LVAA,VAAS,['D1A2H1'],1
ALVA,LVAA,['D1A2H1'],1
SALV,ALVA,['D1A2H1'],1
ASAL,SALV,['D1A2H1'],1
AASA,ASAL,['D1A2H1'],1
PRAI,RAIG,['D1A9G5'],1
PPPR,PPRA,['D1A9G5'],1
TSQG,SQGT,['D1A9G5'],1
TLEA,LEAA,['D1A9G5'],1
SLTN,LTNA,['D1A9G5'],1
NSLT,SLTN,['D1A9G5'],1
YNSL,NSLT,['D1A9G5'],1
LDSI,DSIA,['D1A9G5'],1
ELDS,LDSI,['D1A9G5'],1
GELD,ELDS,['D1A9G5'],1
IAPW,APWN,['D1A9G5'],1
PIAP,IAPW,['D1A9G5'],1
IPIA,PIAP,['D1A9G5'],1
AIPI,IPIA,['D1A9G5'],1
AAIP,AIPI,['D1A9G5'],1
GTLE,TLEA,['D1A9G5'],1
TNAR,NARE,['D1A9G5'],1
GGTL,GTLE,['D1A9G5'],1
NRVD,RVDA,['D1A9G5'],1
RNRV,NRVD,['D1A9G5'],1
VRNR,RNRV,['D1A9G5'],1
ETNT,TNTR,['D1A9G5'],1
WSSL,SSLA,['D1A9G5'],1
SWSS,WSSL,['D1A9G5'],1
ASWS,SWSS,['D1A9G5'],1
TASW,ASWS,['D1A9G5'],1
FTAS,TASW,['D1A9G5'],1
QGTF,GTFG,['D1A9G5'],1
LTNA,TNAR,['D1A9G5'],1
NARE,AREK,['D1A9G5'],1
CPPP,PPPR,['D1A9G5'],1
TMAK,MAKF,['D1A9G5'],1
DQFL,QFLC,['D1A9G5'],1
YDQF,DQFL,['D1A9G5'],1
RYDQ,YDQF,['D1A9G5'],1
TRYD,RYDQ,['D1A9G5'],1
DTRY,TRYD,['D1A9G5'],1
SWMK,WMKR,['D1A9G5'],1
MISW,ISWM,['D1A9G5'],1
FMIS,MISW,['D1A9G5'],1
KFMI,FMIS,['D1A9G5'],1
AKFM,KFMI,['D1A9G5'],1
MAKF,AKFM,['D1A9G5'],1
DTMA,TMAK,['D1A9G5'],1
AREK,REKA,['D1A9G5'],1
NDTM,DTMA,['D1A9G5'],1
SNDT,NDTM,['D1A9G5'],1
FSND,SNDT,['D1A9G5'],1
QFSN,FSND,['D1A9G5'],1
PQFS,QFSN,['D1A9G5'],1
FPQF,PQFS,['D1A9G5'],1
FFPQ,FPQF,['D1A9G5'],1
HFFP,FFPQ,['D1A9G5'],1
NNAS,NASH,['D1A9G5'],1
LNNA,NNAS,['D1A9G5'],1
REKA,EKAY,['D1A9G5'],1
ITVS,TVSR,['D1A2H1'],1
FGGG,GGGK,['D1A2H1'],1
GGGK,GGKI,['D1A2H1'],1
QMAK,MAKY,['D1A2H1'],1
STGL,TGLL,['D1A2H1'],1
PSTG,STGL,['D1A2H1'],1
PPST,PSTG,['D1A2H1'],1
PPPS,PPST,['D1A2H1'],1
CPPP,PPPS,['D1A2H1'],1
IAWM,AWMK,['D1A2H1'],1
MIAW,IAWM,['D1A2H1'],1
YMIA,MIAW,['D1A2H1'],1
KYMI,YMIA,['D1A2H1'],1
AKYM,KYMI,['D1A2H1'],1
MAKY,AKYM,['D1A2H1'],1
TQMA,QMAK,['D1A2H1'],1
LSDF,SDFS,['D1A2H1'],1
NTQM,TQMA,['D1A2H1'],1
TNTQ,NTQM,['D1A2H1'],1
ITNT,TNTQ,['D1A2H1'],1
NITN,ITNT,['D1A2H1'],1
FPNI,PNIT,['D1A2H1'],1
FFPN,FPNI,['D1A2H1'],1
HFFP,FFPN,['D1A2H1'],1
LELD,ELDN,['D1A2H1'],1
PEKA,EKAY,['D1A2H1'],1
APEK,PEKA,['D1A2H1'],1
NAPE,APEK,['D1A2H1'],1
LLSD,LSDF,['D1A2H1'],1
SDFS,DFSD,['D1A2H1'],1
GGKI,GKIY,['D1A2H1'],1
AGTG,GTGA,['W0TJ64'],1
AIGV,IGVM,['W0TJ64'],1
RAIG,AIGV,['W0TJ64'],1
ARAI,RAIG,['W0TJ64'],1
MARA,ARAI,['W0TJ64'],1
SMAR,MARA,['W0TJ64'],1
ASMA,SMAR,['W0TJ64'],1
RASM,ASMA,['W0TJ64'],1
ARAS,RASM,['W0TJ64'],1
GARA,ARAS,['W0TJ64'],1
TGAR,GARA,['W0TJ64'],1
GTGA,TGAR,['W0TJ64'],1
QAGT,AGTG,['W0TJ64'],1
DFSD,FSDA,['D1A2H1'],1
RQAG,QAGT,['W0TJ64'],1
RRQA,RQAG,['W0TJ64'],1
IRRQ,RRQA,['W0TJ64'],1
RIRR,IRRQ,['W0TJ64'],1
MRIR,RIRR,['W0TJ64'],1
FTCP,TCPM,['D1A2H1'],1
RFTC,FTCP,['D1A2H1'],1
ARFT,RFTC,['D1A2H1'],1
DARF,ARFT,['D1A2H1'],1
SDAR,DARF,['D1A2H1'],1
FSDA,SDAR,['D1A2H1'],1
SNAP,NAPE,['D1A2H1'],1
LSNA,SNAP,['D1A2H1'],1
SLSN,LSNA,['D1A2H1'],1
SLEW,LEWL,['D1A2H1'],1
DQRG,QRGQ,['D1A2H1'],1
PDQR,DQRG,['D1A2H1'],1
QPDQ,PDQR,['D1A2H1'],1
DQPD,QPDQ,['D1A2H1'],1
ETNT,TNTT,['D1A2H1'],1
HRLA,RLAS,['D1A2H1'],1
GHRL,HRLA,['D1A2H1'],1
LGHR,GHRL,['D1A2H1'],1
WLGH,LGHR,['D1A2H1'],1
EWLG,WLGH,['D1A2H1'],1
LEWL,EWLG,['D1A2H1'],1
SSLE,SLEW,['D1A2H1'],1
NSLS,SLSN,['D1A2H1'],1
WSSL,SSLE,['D1A2H1'],1
YWSS,WSSL,['D1A2H1'],1
AYWS,YWSS,['D1A2H1'],1
TAYW,AYWS,['D1A2H1'],1
FTAY,TAYW,['D1A2H1'],1
SEGT,EGTF,['D1A2H1'],1
TSEG,SEGT,['D1A2H1'],1
TTSE,TSEG,['D1A2H1'],1
TTTS,TTSE,['D1A2H1'],1
KIYY,IYYP,['D1A2H1'],1
GKIY,KIYY,['D1A2H1'],1
QRGQ,RGQQ,['D1A2H1'],1
RGQQ,GQQL,['D1A2H1'],1
GQQL,QQLL,['D1A2H1'],1
QQLL,QLLA,['D1A2H1'],1
YNSL,NSLS,['D1A2H1'],1
AVAP,VAPV,['D1A2H1'],1
DAVA,AVAP,['D1A2H1'],1
LDAV,DAVA,['D1A2H1'],1
ELDA,LDAV,['D1A2H1'],1
GELD,ELDA,['D1A2H1'],1
LAPW,APWN,['D1A2H1'],1
PLAP,LAPW,['D1A2H1'],1
IPLA,PLAP,['D1A2H1'],1
AIPL,IPLA,['D1A2H1'],1
ARTS,RTSL,['D1A2H1'],1
KART,ARTS,['D1A2H1'],1
AKAR,KART,['D1A2H1'],1
AAKA,AKAR,['D1A2H1'],1
EAAK,AAKA,['D1A2H1'],1
DRVD,RVDA,['D1A2H1'],1
RDRV,DRVD,['D1A2H1'],1
VRDR,RDRV,['D1A2H1'],1
AVRD,VRDR,['D1A2H1'],1
SAVR,AVRD,['D1A2H1'],1
RSAV,SAVR,['D1A2H1'],1
QRSA,RSAV,['D1A2H1'],1
TQRS,QRSA,['D1A2H1'],1
SQGT,QGTF,['D1A9G5'],1
TTSQ,TSQG,['D1A9G5'],1
YPTG,PTGT,['G9BY57'],1
IAEQ,AEQN,['G9BY57'],1
KTFN,TFNT,['G9BY57'],1
DKTF,KTFN,['G9BY57'],1
TDKT,DKTF,['G9BY57'],1
VPLT,PLTP,['G9BY57'],1
AVPL,VPLT,['G9BY57'],1
AAVP,AVPL,['G9BY57'],1
KAAV,AAVP,['G9BY57'],1
LKAA,KAAV,['G9BY57'],1
QNPS,NPSL,['G9BY57'],1
EQNP,QNPS,['G9BY57'],1
AEQN,EQNP,['G9BY57'],1
RIAE,IAEQ,['G9BY57'],1
FNTS,NTSV,['G9BY57'],1
LRIA,RIAE,['G9BY57'],1
TLRI,LRIA,['G9BY57'],1
GTLR,TLRI,['G9BY57'],1
ANRL,NRLA,['G9BY57'],1
DANR,ANRL,['G9BY57'],1
LDAN,DANR,['G9BY57'],1
RLDA,LDAN,['G9BY57'],1
ARLD,RLDA,['G9BY57'],1
RARL,ARLD,['G9BY57'],1
VRAR,RARL,['G9BY57'],1
AVRA,VRAR,['G9BY57'],1
TFNT,FNTS,['G9BY57'],1
NTSV,TSVP,['G9BY57'],1
PSAV,SAVR,['G9BY57'],1
APVS,PVSQ,['G9BY57'],1
QNLP,NLPS,['G9BY57'],1
YQNL,QNLP,['G9BY57'],1
FYQN,YQNL,['G9BY57'],1
PFYQ,FYQN,['G9BY57'],1
IPFY,PFYQ,['G9BY57'],1
AIPF,IPFY,['G9BY57'],1
HAIP,AIPF,['G9BY57'],1
QHAI,HAIP,['G9BY57'],1
SQHA,QHAI,['G9BY57'],1
VSQH,SQHA,['G9BY57'],1
PVSQ,VSQH,['G9BY57'],1
VAPV,APVS,['G9BY57'],1
TSVP,SVPV,['G9BY57'],1
ADTV,DTVA,['G9BY57'],1
EADT,ADTV,['G9BY57'],1
AEAD,EADT,['G9BY57'],1
GAEA,AEAD,['G9BY57'],1
VGAE,GAEA,['G9BY57'],1
IVGA,VGAE,['G9BY57'],1
LIVG,IVGA,['G9BY57'],1
VLIV,LIVG,['G9BY57'],1
PVLI,VLIV,['G9BY57'],1
VPVL,PVLI,['G9BY57'],1
SVPV,VPVL,['G9BY57'],1
SAVR,AVRA,['G9BY57'],1
SPSA,PSAV,['G9BY57'],1
TTTS,TTSQ,['D1A9G5'],1
MSPG,SPGY,['G9BY57'],1
RRLA,RLAS,['G9BY57'],1
GRRL,RRLA,['G9BY57'],1
LGRR,GRRL,['G9BY57'],1
WLGR,LGRR,['G9BY57'],1
AWLG,WLGR,['G9BY57'],1
ASSL,SSLA,['G9BY57'],1
DASS,ASSL,['G9BY57'],1
ADAS,DASS,['G9BY57'],1
TADA,ADAS,['G9BY57'],1
YTAD,TADA,['G9BY57'],1
GYTA,YTAD,['G9BY57'],1
AMSP,MSPG,['G9BY57'],1
FVVL,VVLV,['G9BY57'],1
IAMS,AMSP,['G9BY57'],1
GIAM,IAMS,['G9BY57'],1
GGIA,GIAM,['G9BY57'],1
FGGI,GGIA,['G9BY57'],1
TFGG,FGGI,['G9BY57'],1
LTFG,TFGG,['G9BY57'],1
SLTF,LTFG,['G9BY57'],1
TSLT,SLTF,['G9BY57'],1
GTSL,TSLT,['G9BY57'],1
TGTS,GTSL,['G9BY57'],1
PTGT,TGTS,['G9BY57'],1
GFVV,FVVL,['G9BY57'],1
VVLV,VLVI,['G9BY57'],1
SSPS,SPSA,['G9BY57'],1
SQLS,QLSA,['G9BY57'],1
TSSP,SSPS,['G9BY57'],1
RTSS,TSSP,['G9BY57'],1
LRTS,RTSS,['G9BY57'],1
YLRT,LRTS,['G9BY57'],1
NYLR,YLRT,['G9BY57'],1
LNYL,NYLR,['G9BY57'],1
ALNY,LNYL,['G9BY57'],1
AALN,ALNY,['G9BY57'],1
SAAL,AALN,['G9BY57'],1
LSAA,SAAL,['G9BY57'],1
QLSA,LSAA,['G9BY57'],1
ASQL,SQLS,['G9BY57'],1
VLVI,LVIN,['G9BY57'],1
YPDS,PDSR,['G9BY57'],1
DYPD,YPDS,['G9BY57'],1
FDYP,DYPD,['G9BY57'],1
RFDY,FDYP,['G9BY57'],1
SRFD,RFDY,['G9BY57'],1
NSRF,SRFD,['G9BY57'],1
TNSR,NSRF,['G9BY57'],1
NTNS,TNSR,['G9BY57'],1
INTN,NTNS,['G9BY57'],1
VINT,INTN,['G9BY57'],1
LVIN,VINT,['G9BY57'],1
NLPS,LPST,['G9BY57'],1
LPST,PSTT,['G9BY57'],1
PSTT,STTP,['G9BY57'],1
LLSA,LSAT,['D1A9G5'],1
LVAA,VAAP,['D1A9G5'],1
GLVA,LVAA,['D1A9G5'],1
AGLV,GLVA,['D1A9G5'],1
VAGL,AGLV,['D1A9G5'],1
LVAG,VAGL,['D1A9G5'],1
ALVA,LVAG,['D1A9G5'],1
AALV,ALVA,['D1A9G5'],1
TAAL,AALV,['D1A9G5'],1
ATAA,TAAL,['D1A9G5'],1
SATA,ATAA,['D1A9G5'],1
LSAT,SATA,['D1A9G5'],1
GLLS,LLSA,['D1A9G5'],1
AAPP,APPA,['D1A9G5'],1
FGLL,GLLS,['D1A9G5'],1
SFGL,FGLL,['D1A9G5'],1
KSFG,SFGL,['D1A9G5'],1
RKSF,KSFG,['D1A9G5'],1
LRKS,RKSF,['D1A9G5'],1
SLRK,LRKS,['D1A9G5'],1
MSLR,SLRK,['D1A9G5'],1
GASG,ASGF,['E5BBQ2'],1
LGAS,GASG,['E5BBQ2'],1
RLGA,LGAS,['E5BBQ2'],1
VSRL,SRLG,['E5BBQ2'],1
VAAP,AAPP,['D1A9G5'],1
APPA,PPAQ,['D1A9G5'],1
STTP,TTPK,['G9BY57'],1
FAVS,AVSE,['D1A9G5'],1
RIYY,IYYP,['D1A9G5'],1
GRIY,RIYY,['D1A9G5'],1
GGRI,GRIY,['D1A9G5'],1
GGGR,GGRI,['D1A9G5'],1
FGGG,GGGR,['D1A9G5'],1
SVSR,VSRL,['D1A9G5'],1
QSVS,SVSR,['D1A9G5'],1
EQSV,QSVS,['D1A9G5'],1
SEQS,EQSV,['D1A9G5'],1
VSEQ,SEQS,['D1A9G5'],1
AVSE,VSEQ,['D1A9G5'],1
PFAV,FAVS,['D1A9G5'],1
PPAQ,PAQA,['D1A9G5'],1
GPFA,PFAV,['D1A9G5'],1
RGPF,GPFA,['D1A9G5'],1
RAAR,AARG,['D1A9G5'],1
LRAA,RAAR,['D1A9G5'],1
LLRA,LRAA,['D1A9G5'],1
SLLR,LLRA,['D1A9G5'],1
ESLL,SLLR,['D1A9G5'],1
TESL,ESLL,['D1A9G5'],1
PTES,TESL,['D1A9G5'],1
DPTE,PTES,['D1A9G5'],1
QRGP,RGPD,['D1A9G5'],1
AMAV,MAVM,['E5BBQ2'],1
CAMA,AMAV,['E5BBQ2'],1
GCAM,CAMA,['E5BBQ2'],1
NNAA,NAAI,['G9BY57'],1
MKLW,KLWV,['G9BY57'],1
WMKL,MKLW,['G9BY57'],1
SWMK,WMKL,['G9BY57'],1
TISW,ISWM,['G9BY57'],1
YTIS,TISW,['G9BY57'],1
VYTI,YTIS,['G9BY57'],1
SVYT,VYTI,['G9BY57'],1
ISVY,SVYT,['G9BY57'],1
AISV,ISVY,['G9BY57'],1
AAIS,AISV,['G9BY57'],1
NAAI,AAIS,['G9BY57'],1
SNNA,NNAA,['G9BY57'],1
RGCA,GCAM,['E5BBQ2'],1
NSNN,SNNA,['G9BY57'],1
PNSN,NSNN,['G9BY57'],1
APNS,PNSN,['G9BY57'],1
FAPN,APNS,['G9BY57'],1
VELD,ELDN,['G9BY57'],1
YVEL,VELD,['G9BY57'],1
VYVE,YVEL,['G9BY57'],1
KVYV,VYVE,['G9BY57'],1
PKVY,KVYV,['G9BY57'],1
TPKV,PKVY,['G9BY57'],1
TTPK,TPKV,['G9BY57'],1
KLWV,LWVD,['G9BY57'],1
LWVD,WVDN,['G9BY57'],1
WVDN,VDND,['G9BY57'],1
DTRY,TRYR,['G9BY57'],1
RRGC,RGCA,['E5BBQ2'],1
NRRG,RRGC,['E5BBQ2'],1
NRHC,RHCQ,['G9BY57'],1
PQHL,QHLL,['Q56008'],1
TNNR,NNRH,['G9BY57'],1
RTNN,TNNR,['G9BY57'],1
FRTN,RTNN,['G9BY57'],1
DFRT,FRTN,['G9BY57'],1
LSDF,SDFR,['G9BY57'],1
ALSD,LSDF,['G9BY57'],1
PALS,ALSD,['G9BY57'],1
DPAL,PALS,['G9BY57'],1
NDPA,DPAL,['G9BY57'],1
VNDP,NDPA,['G9BY57'],1
NVND,VNDP,['G9BY57'],1
CNVN,NVND,['G9BY57'],1
LCNV,CNVN,['G9BY57'],1
FLCN,LCNV,['G9BY57'],1
QFLC,FLCN,['G9BY57'],1
RQFL,QFLC,['G9BY57'],1
YRQF,RQFL,['G9BY57'],1
RYRQ,YRQF,['G9BY57'],1
TRYR,RYRQ,['G9BY57'],1
SNLS,NLSR,['A5I055'],1
